Workbook

Sheet Dashboard
B2: DASHBOARD
B6: ="Demography by "&Analysis!K5 -> Demography by Active | Q6: EMR Active | U6: ="Demography by "&Analysis!R5&" from "&TEXT(Analysis!R8,"dd/mm/yy")&" to "&TEXT(Analysis!R10,"dd/mm/yy") -> Demography by Lost to followup from 01/10/24 to 30/09/25
Q8: =Analysis!I18 -> 1887
Q12: Calculated TX_CURR
Q14: =Analysis!AK20 -> 1898
Q17: NDR Active
Q20: =Analysis!I19 -> 1901
B29: Biometrics Analysis
B49: Retention Analysis

Sheet Analysis
E1: Demography | T1: Biometrics Analysis | AM1: QUARTERLY DATA
A2: Timelines | F2: Demography By Status | M2: Demography By Exit Status | W2: Biometric Capture | AD2: PBS Recapture | BC2: Q4 FY26 TXCUR | BD2: 1937
B3: Report Date | C3: 45968 | F3: Sex | G3: M | H3: F | I3: Total | K3: Select Status | M3: Sex | N3: M | O3: F | P3: Total | R3: Select Status | W3: Sex | X3: M | Y3: F | Z3: Total | AD3: Sex | AE3: M | AF3: F | AG3: Total | AI3: NDR | AJ3: Biometrics | AK3: Count | AL3: %
A4: Week | B4: Start Date | C4: 46124 | F4: <5 | G4: 3 | H4: 1 | I4: 4 | K4: ART Status | M4: <5 | N4: 0 | O4: 0 | P4: 0 | R4: ART Status | W4: <5 | X4: 2 | Y4: 0 | Z4: 2 | AB4: Select Status | AD4: <5 | AE4: 2 | AF4: 0 | AG4: 2 | AJ4: Active | AK4: 1901 | AN4: QUARTERLY | AO4: Month | AP4: Week | AQ4: HTS_TST | AR4: HTS_POS | AS4: TX_NEW | AT4: TRANSFER_IN | AU4: TRANSFER OUT | AV4: IIT (Quarterly cummulative) | AW4: %IIT | AX4: LIHMIS | AY4: DPU | AZ4: VLSC | BA4: RESULTS | BB4: TX_CUR | BC4: Calculated TX_CUR | BD4: NDR TX_CUR
B5: End Date | C5: 46129 | F5: 5-9 | G5: 4 | H5: 6 | I5: 10 | K5: Active | M5: 5-9 | N5: 0 | O5: 0 | P5: 0 | R5: Lost to followup | W5: 5-9 | X5: 4 | Y5: 6 | Z5: 10 | AB5: ART Status | AD5: 5-9 | AE5: 0 | AF5: 0 | AG5: 0 | AJ5: Baseline | AK5: 1897 | AL5: 0.99789584 | AN5: Q1 | AO5: OCTOBER | AP5: Week 1 | AQ5: 5 | AR5: 0 | AS5: 0 | AT5: 0 | AU5: 0 | AV5: 0 | AW5: =AV5/$BD$5 -> 0 | AX5: 0 | AY5: 25 | AZ5: 28 | BA5: 40 | BB5: 1922 | BC5: 1934 | BD5: 1938
A6: Month | B6: Start Date | C6: 46113 | F6: 10-14 | G6: 8 | H6: 9 | I6: 17 | M6: 10-14 | N6: 0 | O6: 0 | P6: 0 | W6: 10-14 | X6: 8 | Y6: 9 | Z6: 17 | AB6: Active | AD6: 10-14 | AE6: 4 | AF6: 0 | AG6: 4 | AJ6: No Baseline | AK6: 4 | AL6: 0.0021041557 | AP6: Week 2 | AQ6: 15 | AR6: 2 | AS6: 2 | AT6: 2 | AU6: 2 | AV6: 2 | AW6: =AV6/$BD$5 -> 0.0010319917 | AX6: 0 | AY6: 54 | AZ6: 53 | BA6: 0 | BB6: 1925 | BC6: 1938 | BD6: 1941
B7: End Date | C7: 46142 | F7: 15-19 | G7: 11 | H7: 7 | I7: 18 | M7: 15-19 | N7: 1 | O7: 0 | P7: 1 | R7: Start Date | W7: 15-19 | X7: 11 | Y7: 7 | Z7: 18 | AD7: 15-19 | AE7: 3 | AF7: 2 | AG7: 5 | AJ7: Recaptured | AK7: 1874 | AL7: 0.98787559 | AP7: Week 3 | AQ7: 54 | AR7: 2 | AS7: 1 | AT7: 0 | AU7: 2 | AV7: 6 | AW7: =AV7/$BD$5 -> 0.0030959752 | AX7: 1 | AY7: 167 | AZ7: 44 | BA7: 65 | BB7: 1924 | BC7: 1940 | BD7: 1946
A8: Quarter | B8: Start Date | C8: 46113 | F8: 20-24 | G8: 8 | H8: 34 | I8: 42 | M8: 20-24 | N8: 0 | O8: 1 | P8: 1 | R8: 45566 | W8: 20-24 | X8: 8 | Y8: 34 | Z8: 42 | AB8: Select | AD8: 20-24 | AE8: 2 | AF8: 7 | AG8: 9 | AJ8: Match | AK8: 1850 | AL8: 0.98719317 | AP8: Week 4 | AQ8: 69 | AR8: 1 | AS8: 1 | AT8: 0 | AU8: 0 | AV8: 9 | AW8: =AV8/$BD$5 -> 0.0046439628 | AX8: 1 | AY8: 91 | AZ8: 20 | BA8: 0 | BB8: 1921 | BC8: 1936 | BD8: 1940
B9: End Date | C9: 46203 | F9: 25-29 | G9: 8 | H9: 80 | I9: 88 | M9: 25-29 | N9: 0 | O9: 1 | P9: 1 | R9: End Date | W9: 25-29 | X9: 8 | Y9: 80 | Z9: 88 | AB9: Captured? | AD9: 25-29 | AE9: 3 | AF9: 27 | AG9: 30 | AJ9: No Match | AK9: 24 | AL9: 0.01280683 | AP9: Week 5 | AQ9: 55 | AR9: 2 | AS9: 1 | AT9: 3 | AU9: 1 | AV9: 15 | AW9: =AV9/$BD$5 -> 0.0077399381 | AX9: 0 | AY9: 62 | AZ9: 16 | BA9: 39 | BB9: 1921 | BC9: 1936 | BD9: 1936
A10: FY | B10: Start Date | C10: 45931 | F10: 30-34 | G10: 37 | H10: 241 | I10: 278 | M10: 30-34 | N10: 1 | O10: 6 | P10: 7 | R10: 45930 | W10: 30-34 | X10: 37 | Y10: 241 | Z10: 278 | AB10: Yes | AD10: 30-34 | AE10: 17 | AF10: 102 | AG10: 119 | AJ10: Duplicates | AK10: 12 | AL10: 0.0064034152 | AO10: NOVEMBER | AP10: Week 6 | AQ10: 36 | AR10: 3 | AS10: 3 | AT10: 1 | AU10: 0 | AV10: 15 | AW10: =AV10/$BD$5 -> 0.0077399381 | AX10: 0 | AY10: 72 | AZ10: 21 | BA10: 0 | BB10: 1926 | BC10: 1942 | BD10: 1945
B11: End Date | C11: 46295 | F11: 35-39 | G11: 80 | H11: 323 | I11: 403 | M11: 35-39 | N11: 1 | O11: 1 | P11: 2 | W11: 35-39 | X11: 80 | Y11: 323 | Z11: 403 | AD11: 35-39 | AE11: 37 | AF11: 139 | AG11: 176 | AJ11: No Recapture | AK11: 27 | AL11: 0.014232999 | AP11: Week 7 | AQ11: 55 | AR11: 3 | AS11: 2 | AT11: 0 | AU11: 0 | AV11: 20 | AW11: =AV11/$BD$5 -> 0.010319917 | AX11: 5 | AY11: 180 | AZ11: 45 | BA11: 21 | BB11: 1924 | BC11: 1940 | BD11: 1940
A12: Year | B12: Start Date | C12: 45717 | F12: 40-44 | G12: 102 | H12: 275 | I12: 377 | M12: 40-44 | N12: 1 | O12: 2 | P12: 3 | W12: 40-44 | X12: 102 | Y12: 275 | Z12: 377 | AB12: Select | AD12: 40-44 | AE12: 53 | AF12: 109 | AG12: 162 | AJ12: Replaced Matched | AK12: 1264 | AL12: 0.67449306 | AP12: Week 8 | AQ12: 44 | AR12: 1 | AS12: 0 | AT12: 0 | AU12: 0 | AV12: 15 | AW12: =AV12/$BD$5 -> 0.0077399381 | AX12: 0 | AY12: 66 | AZ12: 39 | BA12: 0 | BB12: 1928 | BC12: 1943 | BD12: 1949
B13: End Date | C13: 46142 | F13: 45-49 | G13: 97 | H13: 167 | I13: 264 | M13: 45-49 | N13: 2 | O13: 2 | P13: 4 | W13: 45-49 | X13: 96 | Y13: 167 | Z13: 263 | AB13: No. Recap | AD13: 45-49 | AE13: 32 | AF13: 67 | AG13: 99 | AJ13: Replaced No Match | AK13: 21 | AL13: 0.011205977 | AP13: Week 9 | AQ13: 25 | AR13: 0 | AS13: 1 | AT13: 0 | AU13: 0 | AV13: 10 | AW13: =AV13/$BD$5 -> 0.0051599587 | AX13: 12 | AY13: 124 | AZ13: 51 | BA13: 0 | BB13: 1933 | BC13: 1947 | BD13: 1941
F14: 50-54 | G14: 78 | H14: 111 | I14: 189 | M14: 50-54 | N14: 0 | O14: 1 | P14: 1 | W14: 50-54 | X14: 78 | Y14: 111 | Z14: 189 | AB14: 2 | AD14: 50-54 | AE14: 32 | AF14: 51 | AG14: 83 | AJ14: Recaptured No Baseline | AK14: 0 | AL14: 0 | AO14: DECEMBER | AP14: Week 10 | AQ14: 56 | AR14: 1 | AS14: 2 | AT14: 0 | AU14: 0 | AV14: 8 | AW14: =AV14/$BD$5 -> 0.004127967 | AX14: 14 | AY14: 163 | AZ14: 57 | BA14: 0 | BB14: 1936 | BC14: 1945 | BD14: 1941
F15: 55-59 | G15: 53 | H15: 54 | I15: 107 | M15: 55-59 | N15: 0 | O15: 1 | P15: 1 | W15: 55-59 | X15: 53 | Y15: 54 | Z15: 107 | AD15: 55-59 | AE15: 25 | AF15: 22 | AG15: 47 | AI15: EMR | AJ15: Active | AK15: 1887 | AP15: Week 11 | AQ15: 35 | AR15: 1 | AS15: 1 | AT15: 1 | AU15: 1 | AV15: 10 | AW15: =AV15/$BD$5 -> 0.0051599587 | AX15: 15 | AY15: 125 | AZ15: 72 | BA15: 68 | BB15: 1935 | BC15: 1946 | BD15: 1941
A16: Next Week | B16: Start Date | C16: 46131 | F16: 60-64 | G16: 23 | H16: 30 | I16: 53 | M16: 60-64 | N16: 0 | O16: 0 | P16: 0 | W16: 60-64 | X16: 23 | Y16: 30 | Z16: 53 | AD16: 60-64 | AE16: 11 | AF16: 18 | AG16: 29 | AJ16: Baseline | AK16: 1884 | AL16: 0.99841017 | AP16: Week 12 | AQ16: 48 | AR16: 0 | AS16: 0 | AT16: 0 | AU16: 0 | AV16: 6 | AW16: =AV16/$BD$5 -> 0.0030959752 | AX16: 18 | AY16: 4 | AZ16: 0 | BA16: 71 | BB16: 1939 | BC16: 1951 | BD16: 1941
B17: End Date | C17: 46136 | F17: 65+ | G17: 22 | H17: 15 | I17: 37 | M17: 65+ | N17: 1 | O17: 1 | P17: 2 | W17: 65+ | X17: 22 | Y17: 15 | Z17: 37 | AD17: 65+ | AE17: 10 | AF17: 6 | AG17: 16 | AJ17: No Baseline | AK17: 3 | AL17: 0.0015898251 | AP17: Week 13 | AQ17: 0 | AR17: 0 | AS17: 2 | AT17: 0 | AU17: 0 | AV17: 0 | AW17: =AV17/$BD$5 -> 0 | AX17: 0 | AY17: 0 | AZ17: 0 | BA17: 0 | BB17: 1939 | BC17: 1951 | BD17: 1939
F18: TOTAL | G18: 534 | H18: 1353 | I18: 1887 | M18: TOTAL | N18: 7 | O18: 16 | P18: 23 | W18: TOTAL | X18: 532 | Y18: 1352 | Z18: 1884 | AD18: TOTAL | AE18: 231 | AF18: 550 | AG18: 781 | AJ18: Recaptured | AK18: 1862 | AL18: 0.98832272 | AP18: Week 14 | AQ18: 0 | AR18: 0 | AS18: 0 | AT18: 0 | AU18: 0 | AV18: 0 | AW18: =AV18/$BD$5 -> 0 | AX18: 0 | AY18: 0 | AZ18: 0 | BA18: 0 | BB18: 1939 | BC18: 1951 | BD18: 1953
H19: NDR | I19: 1901 | AJ19: No Recapture | AK19: 22 | AL19: 0.011677282 | AN19: Q2 | AO19: JANUARY | AP19: Week 15 | AQ19: 55 | AR19: 4 | AS19: 1 | AT19: 1 | AU19: 0 | AV19: 9 | AW19: =AV19/$BD$18 -> 0.0046082949 | AX19: 7 | AY19: 34 | AZ19: 15 | BA19: 0 | BB19: 1932 | BC19: 1939 | BD19: 1935
B20: Missed appt | C20: 46082 | AJ20: Calculated TX_CURR | AK20: 1898 | AP20: Week 16 | AQ20: 43 | AR20: 2 | AS20: 1 | AT20: 1 | AU20: 1 | AV20: 11 | AW20: =AV20/$BD$18 -> 0.0056323605 | AX20: 5 | AY20: 37 | AZ20: 40 | BA20: 0 | BB20: 1939 | BC20: 1947 | BD20: 1943
E21: Retention | AP21: Week 17 | AQ21: 47 | AR21: 2 | AS21: 0 | AT21: 1 | AU21: 0 | AV21: 11 | AW21: =AV21/$BD$18 -> 0.0056323605 | AX21: 0 | AY21: 40 | AZ21: 28 | BA21: 22 | BB21: 1936 | BC21: 1950 | BD21: 1952
F22: Quarter | G22: Year | H22: Month | I22: ART_New | J22: Transfer_In | K22: Transfer_Out | L22: Dead | M22: LTFU | N22: Discontinued_Care | AP22: Week 18 | AQ22: 59 | AR22: 4 | AS22: 1 | AT22: 0 | AU22: 4 | AV22: 11 | AW22: =AV22/$BD$18 -> 0.0056323605 | AX22: 4 | AY22: 68 | AZ22: 15 | BA22: 0 | BB22: 1939 | BC22: 1954 | BD22: 1952
F23: Q1 | G23: 2024 | H23: 45931 | I23: 5 | J23: 5 | K23: 6 | L23: 2 | M23: 0 | N23: 0 | R23: Active Clients | S23: 1887 | V23: Active Females | X23: 1353 | AO23: FEBRUARY | AP23: Week 19 | AQ23: 67 | AR23: 3 | AS23: 3 | AT23: 2 | AU23: 2 | AV23: 8 | AW23: =AV23/$BD$18 -> 0.0040962622 | AX23: 8 | AY23: 201 | AZ23: 34 | BA23: 0 | BB23: 1948 | BC23: 1963 | BD23: 1952
G24: 2024 | H24: 45962 | I24: 4 | J24: 0 | K24: 0 | L24: 2 | M24: 2 | N24: 0 | R24: Active Clients with Pill Balance | S24: 1889 | V24: Active Pregnant | X24: 5 | AA24: Facility Dispensing | AC24: Active No. | AE24: Community Dispensing | AG24: Active No. | AP24: Week 20 | AQ24: 44 | AR24: 2 | AS24: 1 | AT24: 0 | AU24: 1 | AV24: 7 | AW24: =AV24/$BD$18 -> 0.0035842294 | AX24: 11 | AY24: 131 | AZ24: 35 | BA24: 8 | BB24: 1950 | BC24: 1968 | BD24: 1952
G25: 2024 | H25: 45992 | I25: 4 | J25: 1 | K25: 2 | L25: 0 | M25: 1 | N25: 0 | R25: Active Previous Quarter | S25: 1898 | V25: Active Breastfeeding | X25: 14 | AA25: FBM1 | AB25: Refill Fast Track | AC25: 207 | AE25: CBM1 | AF25: Community Pharmacy | AG25: 0 | AP25: Week 21 | AQ25: 50 | AR25: 1 | AS25: 1 | AT25: 0 | AU25: 2 | AV25: 17 | AW25: =AV25/$BD$18 -> 0.0087045571 | AX25: 0 | AY25: 61 | AZ25: 53 | BA25: 18 | BB25: 1945 | BC25: 1962 | BD25: 1972
F26: Q2 | G26: 2025 | H26: 46023 | I26: 6 | J26: 3 | K26: 9 | L26: 1 | M26: 0 | N26: 0 | R26: Active (0-19yrs) | S26: 49 | AA26: FBM2 - Facility ART group HCW led | AC26: 0 | AE26: CBM2 | AF26: Community ART | AG26: 0 | AP26: Week 22 | AQ26: 32 | AR26: 1 | AS26: 0 | AT26: 0 | AU26: 0 | AV26: 16 | AW26: =AV26/$BD$18 -> 0.0081925243 | AX26: 2 | AY26: 162 | AZ26: 45 | BA26: 0 | BB26: 1948 | BC26: 1960 | BD26: 1972
G27: 2025 | H27: 46054 | I27: 9 | J27: 2 | K27: 2 | L27: 3 | M27: 3 | N27: 0 | Q27: Regimen Line | R27: Regimen | S27: Active No. | V27: Days of Refil | W27: No | AA27: FBM3 - Facility ART group Support group led | AC27: 0 | AE27: CBM3 - Community ART Refill Group PLHIV led | AG27: 0 | AO27: MARCH | AP27: Week 23 | AQ27: 50 | AR27: 2 | AS27: 1 | AT27: 1 | AU27: 1 | AV27: 3 | AW27: =AV27/$BD$18 -> 0.0015360983 | AX27: 0 | AY27: 167 | AZ27: 12 | BA27: 23 | BB27: 1950 | BC27: 1960 | BD27: 1962
G28: 2025 | H28: 46082 | I28: 11 | J28: 1 | K28: 2 | L28: 2 | M28: 1 | N28: 0 | Q28: Adult 1st line ARV regimen | R28: TDF-3TC-DTG | S28: 1837 | V28: Active <30 | W28: 0 | AA28: FBM4 - Decentralized Hub and Spoke | AC28: 0 | AE28: CBM4 - Adolescent Community ART Peer led group | AG28: 0 | AP28: Week 24 | AQ28: 51 | AR28: 5 | AS28: 2 | AT28: 1 | AU28: 5 | AV28: 31 | AW28: =AV28/$BD$18 -> 0.015873016 | AX28: 5 | AY28: 39 | AZ28: 32 | BA28: 5 | BB28: 1936 | BC28: 1949 | BD28: 1946
F29: Q3 | G29: 2025 | H29: 46113 | I29: 1 | J29: 0 | K29: 0 | L29: 0 | M29: 0 | N29: 0 | Q29: Adult 1st line ARV regimen | R29: ABC-3TC-DTG | S29: 6 | V29: Active 30 | W29: 23 | AA29: FBM5 - After hours | AC29: 0 | AE29: CBM5 | AF29: Home Delivery | AG29: 0 | AP29: Week 25 | AQ29: 31 | AR29: 3 | AS29: 3 | AT29: 0 | AU29: 2 | AV29: 29 | AW29: =AV29/$BD$18 -> 0.01484895 | AX29: 6 | AY29: 11 | AZ29: 8 | BA29: 10 | BB29: 1893 | BC29: 1908 | BD29: 1900
G30: 2025 | H30: 46143 | I30: 0 | J30: 0 | K30: 0 | L30: 0 | M30: 0 | N30: 0 | Q30: Child 1st line ARV regimen | R30: ABC-3TC-DTG | S30: 22 | V30: Active 90 | W30: 275 | AA30: FBM7 - Child/Teen/Adolescents club Peer Managed | AC30: 0 | AE30: CBM6 - OSS Community Platforms | AG30: 0 | AP30: Week 26
G31: 2025 | H31: 46174 | I31: 0 | J31: 0 | K31: 0 | L31: 0 | M31: 0 | N31: 0 | Q31: Adult 2nd line ARV regimen | R31: TDF-3TC-ATV/r | S31: 16 | V31: Active >120<150 | W31: 46 | AA31: FBM8 | AB31: Mother-infant Pair | AC31: 0 | AF31: Total | AG31: 0 | AN31: Q3 | AO31: APRIL | AP31: Week 27
F32: Q4 | G32: 2025 | H32: 46204 | I32: 0 | J32: 0 | K32: 0 | L32: 0 | M32: 0 | N32: 0 | Q32: Adult 2nd line ARV regimen | R32: TDF-3TC-LPV/r | S32: 0 | V32: Active 150 | W32: 292 | AB32: Total | AC32: 207 | AP32: Week 28
G33: 2025 | H33: 46235 | I33: 0 | J33: 0 | K33: 0 | L33: 0 | M33: 0 | N33: 0 | Q33: Adult 2nd line ARV regimen | R33: AZT-3TC-ATV/r | S33: 4 | V33: Active >150<180 | W33: 1 | AP33: Week 29
G34: 2025 | H34: 46266 | I34: 0 | J34: 0 | K34: 0 | L34: 0 | M34: 0 | N34: 0 | Q34: Adult 2nd line ARV regimen | R34: ABC-3TC-ATV/r | S34: 0 | V34: Active 180 | W34: 1204 | AP34: Week 30
F35: Total | H35: 46296 | I35: 40 | J35: 12 | K35: 21 | L35: 10 | M35: 7 | N35: 0 | Q35: Child 2nd line ARV regimen | S35: 0 | V35: Blank | W35: 0 | AP35: Week 31
R36: Total | S36: 1885 | V36: Total Active | W36: 1841 | AO36: MAY | AP36: Week 32
E37: VIRAL LOAD ANALYSIS | BQ37: Week 33
BQ38: Week 34
BQ39: Week 35
BP40: JUNE | BQ40: Week 36
I41: 45931 | J41: 46023 | K41: 46113 | L41: 46204 | Q41: Viral Load Demography by Suppression | V41: Viral Load Demography by Unsuppression | BQ41: Week 37
G42: Year | H42: FY | I42: Q1 | J42: Q2 | K42: Q3 | L42: Q4 | M42: Week | N42: Month | Q42: Sex | R42: M | S42: F | T42: Total | V42: Sex | W42: M | X42: F | Y42: Total | BQ42: Week 38
F43: Samples Taken | G43: 1936 | H43: 901 | I43: 407 | J43: 358 | K43: 136 | L43: 0 | M43: 88 | N43: 136 | Q43: <5 | R43: 2 | S43: 1 | T43: 3 | V43: <5 | W43: 1 | X43: 0 | Y43: 1 | BQ43: Week 39
F44: Results Returned | G44: 1888 | H44: 785 | I44: 399 | J44: 346 | K44: 34 | L44: 0 | M44: 40 | N44: 65 | Q44: 5-9 | R44: 3 | S44: 3 | T44: 6 | V44: 5-9 | W44: 1 | X44: 3 | Y44: 4 | BO44: Q4 | BP44: JULY | BQ44: Week 40
F45: Coverage % | G45: 0.97520661 | H45: 0.87125416 | I45: 0.98034398 | J45: 0.96648045 | K45: 0.25 | L45: 0 | Q45: 10-14 | R45: 6 | S45: 6 | T45: 12 | V45: 10-14 | W45: 2 | X45: 3 | Y45: 5 | BQ45: Week 41
F46: Pending Result | G46: 48 | H46: 116 | I46: 8 | J46: 12 | K46: 102 | L46: 0 | Q46: 15-19 | R46: 7 | S46: 6 | T46: 13 | V46: 15-19 | W46: 3 | X46: 1 | Y46: 4 | BQ46: Week 42
F47: No. Suppressed | G47: 1802 | H47: 709 | I47: 372 | J47: 307 | K47: 27 | L47: 0 | M47: 31 | N47: 50 | Q47: 20-24 | R47: 7 | S47: 23 | T47: 30 | V47: 20-24 | W47: 1 | X47: 4 | Y47: 5 | BQ47: Week 43
F48: % Suppressed | G48: 0.95444915 | H48: 0.90318471 | I48: 0.93233083 | J48: 0.88728324 | K48: 0.79411765 | L48: 0 | M48: 0.775 | N48: 0.76923077 | Q48: 25-29 | R48: 8 | S48: 70 | T48: 78 | V48: 25-29 | W48: 0 | X48: 6 | Y48: 6 | BQ48: Week 44
F49: No. Unsuppred | G49: 86 | H49: 76 | I49: 27 | J49: 39 | K49: 7 | L49: 0 | M49: 9 | N49: 15 | Q49: 30-34 | R49: 34 | S49: 226 | T49: 260 | V49: 30-34 | W49: 1 | X49: 9 | Y49: 10 | BP49: AUGUST | BQ49: Week 45
F50: % Unsuppressed | G50: 0.045550847 | H50: 0.096815287 | I50: 0.067669173 | J50: 0.11271676 | K50: 0.20588235 | L50: 0 | M50: 0.225 | N50: 0.23076923 | Q50: 35-39 | R50: 77 | S50: 308 | T50: 385 | V50: 35-39 | W50: 3 | X50: 13 | Y50: 16 | BQ50: Week 46
F51: LLV | G51: 569 | H51: 255 | I51: 107 | J51: 138 | K51: 10 | L51: 0 | M51: 13 | N51: 19 | Q51: 40-44 | R51: 100 | S51: 263 | T51: 363 | V51: 40-44 | W51: 2 | X51: 9 | Y51: 11 | BQ51: Week 47
F52: %LLV | G52: 0.30137712 | H52: 0.32484076 | I52: 0.26817043 | J52: 0.39884393 | K52: 0.29411765 | L52: 0 | M52: 0.325 | N52: 0.29230769 | Q52: 45-49 | R52: 92 | S52: 162 | T52: 254 | V52: 45-49 | W52: 5 | X52: 3 | Y52: 8 | BQ52: Week 48
F53: Eligible for EAC | G53: 662 | H53: 336 | I53: 137 | J53: 179 | K53: 17 | L53: 0 | Q53: 50-54 | R53: 71 | S53: 108 | T53: 179 | V53: 50-54 | W53: 6 | X53: 2 | Y53: 8 | BP53: SEPTEMBER | BQ53: Week 49
F54: EAC Started (EMR) | G54: 228 | H54: 94 | I54: 37 | J54: 43 | K54: 6 | L54: 0 | Q54: 55-59 | R54: 51 | S54: 54 | T54: 105 | V54: 55-59 | W54: 2 | X54: 0 | Y54: 2 | BQ54: Week 50
F55: % EAC Started (EMR) | G55: 0.34441088 | H55: 0.2797619 | I55: 0.27007299 | J55: 0.24022346 | K55: 0.35294118 | L55: 0 | Q55: 60-64 | R55: 23 | S55: 30 | T55: 53 | V55: 60-64 | W55: 0 | X55: 0 | Y55: 0 | BQ55: Week 51
Q56: 65+ | R56: 22 | S56: 15 | T56: 37 | V56: 65+ | W56: 0 | X56: 0 | Y56: 0 | BQ56: Week 52
Q57: TOTAL | R57: 503 | S57: 1275 | T57: 1778 | V57: TOTAL | W57: 27 | X57: 53 | Y57: 80

Sheet HTS Linelist
A1: IP | B1: Facility State | C1: Facility LGA | D1: Facility | E1: DATIM Code | F1: Client State | G1: Client LGA | H1: HTSClientCode | I1: PepfarID | J1: HospID | K1: RecencyID | L1: Sex | M1: Date Of Birth | N1: CurrentAge | O1: Age Group | P1: AgeAtVisit | Q1: VisitDate | R1: Setting | S1: VisitID | T1: KindOfHTS | U1: SettingOthersSpecify | V1: FirstTimeVisit | W1: TypeOfSession | X1: ReferredFrom | Y1: MaritalStatus | Z1: NoOfOwnChildrenLessThan5 | AA1: NoOfWives | AB1: IsClientIdentifiedFromAnindexClient | AC1: IndexType | AD1: IndexClientID | AE1: IsClientRetestingForResultVerification | AF1: PreviouslyTestedHIVNegative | AG1: ClientPregnant | AH1: ClientInformedAboutHIVTransmissionRoutes | AI1: ClientInformedAboutRiskFactorsForHIVTransmission | AJ1: ClientInformedOnPreventingHIVTransmissionMethods | AK1: ClientInformedAboutPossibleTestResults | AL1: InformedConsentForHivTestingGiven | AM1: EverHadSexualIntercourse | AN1: BloodTransfusioninLast3Months | AO1: UnprotectedSexWithCasualPartnerinLast3Months | AP1: UnprotectedSexWithRegularPartnerInTheLast3Months | AQ1: STIinLast3Months | AR1: MoreThan1SexPartnerDuringLast3Months | AS1: CurrentCough | AT1: WeightLoss | AU1: Fever | AV1: NightSweats | AW1: ContactWithTBPatient | AX1: TBScreeningScore | AY1: ComplaintsofVaginalDischargeorBurningWhenUrinating | AZ1: ComplaintsofLowerAbdominalPainsWithorWithoutVaginalDischarge | BA1: ComplaintsofGenitalSoreOrSwollenInguinalLymphNodesWithorWithoutPains | BB1: STIScreeningScore | BC1: RiskAssesmentScore | BD1: ScreeningTestResult | BE1: ScreeningTestDate | BF1: ConfirmatoryTestResult | BG1: ConfirmatoryTestDate | BH1: TieBreaker | BI1: TieBreakerDate | BJ1: FinalResult | BK1: OPT Out of RTRI | BL1: Recency Test Name | BM1: Recency Test Date | BN1: Control Line | BO1: Verification Line | BP1: Longterm Line | BQ1: Recency Interpretation | BR1: HasViralLoadBeenRequested | BS1: Date Sample Collected | BT1: Date Sample Sent | BU1: Viral Load Result | BV1: Viral Load Result Classification | BW1: Date Of Viral Load Result | BX1: PCR Lab | BY1: Final Recency Result | BZ1: HaveYouBeenTestedforHivBeforeWithinThisYear | CA1: HIVRequestandResultFormSignedbyTester | CB1: ClientReceivedHIVTestResult | CC1: PostTestCounselingDone | CD1: ClientUseFPMethodsOtherThanCondom | CE1: ClientUseCondomsAsFPMethod | CF1: SyphilisTestResult | CG1: HepatitisBVirusTestResult | CH1: HepatitisCVirusTestResult | CI1: ClientReferredtoOtherServices | CJ1: RiskReductionPlanDeveloped | CK1: PostTestDisclosurePlanDeveloped | CL1: WillBringPartnerForHivTesting | CM1: WillBringOwnChildrenLessThan5YearsforHIVTesting | CN1: ProvidedWithInformationonFPandDualContraception | CO1: CorrectCondomUseDemonstrated | CP1: CondomsProvidedToClient | CQ1: AdditionalComments | CR1: SignatureDate
A2: IHVN | B2: Nasarawa | C2: Lafia | D2: na Shabu Model Comprehensive Centre | E2: ZBFgkyECWkA | F2: NASARAWA | G2: LAFIA | H2: 001/01/23/IND | I2: NAS05405547 | K2: NS08676660 | L2: F | M2: 01-Jan-1976 | N2: 49 | O2: 45 - 49 | P2: 47 | Q2: 05-Jan-2023 | R2: Other | S2: 113446 | T2: Provider-initiated HIV testing and counseling | U2: INDX | V2: Yes | W2: Individual | X2: Other | Y2: Married | Z2: 7 | AB2: Yes | AC2: Sexual | AD2: 5547 | AE2: Yes | AF2: No | AG2: No | AH2: Yes | AI2: Yes | AJ2: Yes | AK2: Yes | AL2: Yes | AM2: Yes | AN2: No | AO2: No | AP2: Yes | AQ2: No | AR2: No | AS2: No | AT2: No | AU2: Yes | AV2: No | AW2: No | AX2: 1 | AY2: No | AZ2: No | BA2: No | BB2: 0 | BC2: 2 | BD2: REACTIVE | BE2: 44931 | BF2: REACTIVE | BG2: 44931 | BJ2: Positive | BK2: No | BL2: Asante | BM2: 44931 | BN2: Yes | BO2: Yes | BP2: Yes | BQ2: Long Term | BZ2: Not previously tested | CA2: Yes | CB2: Yes | CC2: Yes | CD2: Yes | CE2: Yes | CF2: NON-REACTIVE | CG2: Negative | CH2: Negative | CI2: Yes | CJ2: Yes | CK2: Yes | CL2: Yes | CM2: Yes | CN2: Yes | CO2: Yes | CP2: Yes | CR2: 05-Jan-2023
A3: IHVN | B3: Nasarawa | C3: Lafia | D3: na Shabu Model Comprehensive Centre | E3: ZBFgkyECWkA | F3: NASARAWA | G3: LAFIA | H3: NS08670264 | I3: NAS05405548 | K3: NS08670264 | L3: M | M3: 01-Jan-1984 | N3: 41 | O3: 40 - 44 | P3: 39 | Q3: 06-Jan-2023 | R3: Other | S3: 113470 | T3: Provider-initiated HIV testing and counseling | U3: INDEX | V3: Yes | W3: Individual | X3: Other | Y3: Married | Z3: 1 | AA3: 1 | AB3: Yes | AC3: Sexual | AD3: 5548 | AE3: Yes | AF3: No | AH3: Yes | AI3: Yes | AJ3: Yes | AK3: Yes | AL3: Yes | AM3: Yes | AN3: No | AO3: No | AP3: Yes | AQ3: No | AR3: No | AS3: Yes | AT3: Yes | AU3: Yes | AV3: No | AW3: No | AX3: 3 | BA3: Yes | BB3: 1 | BC3: 2 | BD3: REACTIVE | BE3: 44932 | BF3: REACTIVE | BG3: 44932 | BJ3: Positive | BK3: No | BL3: Asante | BM3: 44932 | BN3: Yes | BO3: Yes | BP3: Yes | BQ3: Long Term | BZ3: Not previously tested | CA3: Yes | CB3: Yes | CC3: Yes | CD3: Yes | CE3: No | CF3: NON-REACTIVE | CG3: Negative | CH3: Negative | CI3: No | CJ3: Yes | CK3: No | CL3: Yes | CM3: Yes | CN3: Yes | CO3: Yes | CP3: No | CR3: 06-Jan-2023
A4: IHVN | B4: Nasarawa | C4: Lafia | D4: na Shabu Model Comprehensive Centre | E4: ZBFgkyECWkA | F4: NASARAWA | G4: LAFIA | H4: 004/1/23/IND | L4: F | M4: 01-Jan-1976 | N4: 49 | O4: 45 - 49 | P4: 47 | Q4: 05-Jan-2023 | R4: Other | S4: 113797 | T4: Provider-initiated HIV testing and counseling | U4: INDEX | V4: No | W4: Individual | X4: Other | Y4: Married | Z4: 5 | AB4: No | AE4: No | AF4: Yes | AG4: No | AH4: Yes | AI4: Yes | AJ4: Yes | AK4: Yes | AL4: Yes | AM4: Yes | AN4: No | AO4: No | AP4: Yes | AQ4: Yes | AR4: No | AS4: No | AT4: Yes | AU4: Yes | AV4: No | AW4: No | AX4: 2 | AY4: No | AZ4: Yes | BA4: No | BB4: 1 | BC4: 3 | BD4: NON-REACTIVE | BE4: 44931 | BJ4: Negative | BZ4: Previously tested negative | CA4: Yes | CB4: Yes | CC4: Yes | CD4: No | CE4: No | CI4: No | CJ4: Yes | CK4: Yes | CL4: Yes | CM4: Yes | CN4: No | CO4: No | CP4: No | CR4: 05-Jan-2023
A5: IHVN | B5: Nasarawa | C5: Lafia | D5: na Shabu Model Comprehensive Centre | E5: ZBFgkyECWkA | F5: NASARAWA | G5: LAFIA | H5: 005/1/23/IND | L5: M | M5: 01-Jan-2000 | N5: 25 | O5: 25 - 29 | P5: 23 | Q5: 05-Jan-2023 | R5: Other | S5: 113798 | T5: Provider-initiated HIV testing and counseling | U5: INDEX | V5: No | W5: Individual | X5: Other | Y5: Married | Z5: 1 | AA5: 1 | AB5: No | AE5: No | AF5: Yes | AH5: Yes | AI5: Yes | AJ5: Yes | AK5: Yes | AL5: Yes | AM5: Yes | AN5: No | AO5: No | AP5: Yes | AQ5: Yes | AR5: No | AS5: Yes | AT5: No | AU5: Yes | AV5: No | AW5: No | AX5: 2 | BA5: No | BB5: 0 | BC5: 3 | BD5: NON-REACTIVE | BE5: 44931 | BJ5: Negative | BZ5: Previously tested negative | CA5: Yes | CB5: Yes | CC5: Yes | CD5: No | CE5: No | CI5: No | CJ5: Yes | CK5: Yes | CL5: Yes | CM5: Yes | CN5: No | CO5: No | CP5: No | CR5: 05-Jan-2023
A6: IHVN | B6: Nasarawa | C6: Lafia | D6: na Shabu Model Comprehensive Centre | E6: ZBFgkyECWkA | F6: NASARAWA | G6: LAFIA | H6: 001/01/23/INP | L6: F | M6: 01-Jan-2001 | N6: 24 | O6: 20 - 24 | P6: 22 | Q6: 02-Jan-2023 | R6: Other | S6: 113799 | T6: Provider-initiated HIV testing and counseling | U6: INPATIENT | V6: Yes | W6: Individual | X6: Other | Y6: Married | Z6: 1 | AB6: No | AE6: No | AF6: No | AG6: No | AH6: Yes | AI6: Yes | AJ6: Yes | AK6: Yes | AL6: Yes | AM6: Yes | AN6: No | AO6: Yes | AP6: No | AQ6: No | AR6: Yes | AS6: No | AT6: Yes | AU6: No | AV6: No | AW6: No | AX6: 1 | AY6: No | AZ6: Yes | BA6: No | BB6: 1 | BC6: 3 | BD6: NON-REACTIVE | BE6: 44928 | BJ6: Negative | BZ6: Not previously tested | CA6: Yes | CB6: Yes | CC6: Yes | CD6: No | CE6: No | CI6: No | CJ6: Yes | CK6: Yes | CL6: Yes | CM6: No | CN6: No | CO6: No | CP6: No | CR6: 02-Jan-2023
A7: IHVN | B7: Nasarawa | C7: Lafia | D7: na Shabu Model Comprehensive Centre | E7: ZBFgkyECWkA | F7: NASARAWA | G7: LAFIA | H7: 002/01/23/INP | L7: F | M7: 01-Jan-1998 | N7: 27 | O7: 25 - 29 | P7: 25 | Q7: 04-Jan-2023 | R7: Other | S7: 113802 | T7: Provider-initiated HIV testing and counseling | U7: INPATIENT | V7: No | W7: Individual | X7: Other | Y7: Married | Z7: 4 | AB7: No | AE7: No | AF7: Yes | AG7: No | AH7: Yes | AI7: Yes | AJ7: Yes | AK7: No | AL7: Yes | AM7: Yes | AN7: No | AO7: No | AP7: Yes | AQ7: Yes | AR7: No | AS7: Yes | AT7: No | AU7: Yes | AV7: No | AW7: No | AX7: 2 | AY7: No | AZ7: Yes | BA7: No | BB7: 1 | BC7: 3 | BD7: NON-REACTIVE | BE7: 44930 | BJ7: Negative | BZ7: Previously tested negative | CA7: Yes | CB7: Yes | CC7: Yes | CD7: No | CE7: No | CI7: No | CJ7: Yes | CK7: Yes | CL7: Yes | CM7: Yes | CN7: No | CO7: No | CP7: No | CR7: 04-Jan-2023
A8: IHVN | B8: Nasarawa | C8: Lafia | D8: na Shabu Model Comprehensive Centre | E8: ZBFgkyECWkA | F8: NASARAWA | G8: LAFIA | H8: 004/1/23/VCT | L8: M | M8: 01-Jan-1993 | N8: 32 | O8: 30 - 34 | P8: 30 | Q8: 05-Jan-2023 | R8: Voluntary counseling and testing program | S8: 113807 | T8: Voluntary counseling and testing center | V8: No | W8: Individual | X8: SELF | Y8: Married | Z8: 2 | AA8: 1 | AB8: No | AE8: No | AF8: Yes | AH8: No | AI8: Yes | AJ8: Yes | AK8: Yes | AL8: Yes | AM8: Yes | AN8: No | AO8: No | AP8: No | AQ8: Yes | AR8: No | AS8: Yes | AT8: Yes | AU8: Yes | AV8: No | AW8: No | AX8: 3 | BA8: Yes | BB8: 1 | BC8: 2 | BD8: NON-REACTIVE | BE8: 44931 | BJ8: Negative | BZ8: Previously tested negative | CA8: Yes | CB8: Yes | CC8: Yes | CD8: No | CE8: No | CI8: No | CJ8: Yes | CK8: Yes | CL8: Yes | CM8: Yes | CN8: No | CO8: No | CP8: No | CR8: 05-Jan-2023
A9: IHVN | B9: Nasarawa | C9: Lafia | D9: na Shabu Model Comprehensive Centre | E9: ZBFgkyECWkA | F9: NASARAWA | G9: LAFIA | H9: 001/01/23/VCT | L9: M | M9: 01-Jan-1983 | N9: 42 | O9: 40 - 44 | P9: 40 | Q9: 01-Jan-2023 | R9: Voluntary counseling and testing program | S9: 113804 | T9: Voluntary counseling and testing center | V9: No | W9: Individual | X9: SELF | Y9: Married | Z9: 4 | AA9: 1 | AB9: No | AE9: No | AF9: Yes | AH9: Yes | AI9: Yes | AJ9: Yes | AK9: Yes | AL9: Yes | AM9: Yes | AN9: No | AO9: No | AP9: No | AQ9: Yes | AR9: Yes | AS9: Yes | AT9: Yes | AU9: Yes | AV9: No | AW9: No | AX9: 3 | BA9: Yes | BB9: 1 | BC9: 3 | BD9: NON-REACTIVE | BE9: 44927 | BJ9: Negative | BZ9: Previously tested negative | CA9: Yes | CB9: Yes | CC9: Yes | CD9: No | CE9: No | CI9: No | CJ9: Yes | CK9: Yes | CL9: Yes | CM9: Yes | CN9: No | CO9: No | CP9: No | CR9: 01-Jan-2023
A10: IHVN | B10: Nasarawa | C10: Lafia | D10: na Shabu Model Comprehensive Centre | E10: ZBFgkyECWkA | F10: NASARAWA | G10: LAFIA | H10: 003/01/23/INP | L10: F | M10: 01-Jan-1993 | N10: 32 | O10: 30 - 34 | P10: 30 | Q10: 05-Jan-2023 | R10: Other | S10: 113803 | T10: Provider-initiated HIV testing and counseling | U10: INPATIENT | V10: No | W10: Individual | X10: Other | Y10: Married | Z10: 3 | AB10: No | AE10: No | AF10: Yes | AG10: No | AH10: Yes | AI10: Yes | AJ10: Yes | AK10: Yes | AL10: Yes | AM10: Yes | AN10: No | AO10: No | AP10: Yes | AQ10: Yes | AR10: No | AS10: No | AT10: No | AU10: Yes | AV10: No | AW10: No | AX10: 1 | AY10: No | AZ10: Yes | BA10: No | BB10: 1 | BC10: 3 | BD10: NON-REACTIVE | BE10: 44931 | BJ10: Negative | BZ10: Previously tested negative | CA10: Yes | CB10: Yes | CC10: Yes | CD10: No | CE10: No | CI10: No | CJ10: Yes | CK10: Yes | CL10: Yes | CM10: Yes | CN10: No | CO10: No | CP10: No | CR10: 05-Jan-2023
A11: IHVN | B11: Nasarawa | C11: Lafia | D11: na Shabu Model Comprehensive Centre | E11: ZBFgkyECWkA | F11: NASARAWA | G11: LAFIA | H11: 004/01/23/INP | L11: F | M11: 01-Jan-2003 | N11: 22 | O11: 20 - 24 | P11: 20 | Q11: 05-Jan-2023 | R11: Other | S11: 113805 | T11: Provider-initiated HIV testing and counseling | U11: INPATIENT | V11: Yes | W11: Individual | X11: Other | Y11: Married | Z11: 2 | AB11: No | AE11: No | AF11: No | AG11: No | AH11: Yes | AI11: Yes | AJ11: Yes | AK11: Yes | AL11: Yes | AM11: Yes | AN11: No | AO11: Yes | AP11: No | AQ11: Yes | AR11: No | AS11: No | AT11: No | AU11: Yes | AV11: No | AW11: No | AX11: 1 | AY11: No | AZ11: Yes | BA11: No | BB11: 1 | BC11: 3 | BD11: NON-REACTIVE | BE11: 44931 | BJ11: Negative | BZ11: Not previously tested | CA11: Yes | CB11: Yes | CC11: Yes | CD11: Yes | CE11: Yes | CI11: No | CJ11: Yes | CK11: Yes | CL11: Yes | CM11: No | CN11: Yes | CO11: Yes | CP11: No | CR11: 05-Jan-2023
A12: IHVN | B12: Nasarawa | C12: Lafia | D12: na Shabu Model Comprehensive Centre | E12: ZBFgkyECWkA | F12: NASARAWA | G12: LAFIA | H12: 005/01/23/INP | L12: M | M12: 01-Jan-1998 | N12: 27 | O12: 25 - 29 | P12: 25 | Q12: 06-Jan-2023 | R12: Other | S12: 113806 | T12: Provider-initiated HIV testing and counseling | U12: INPATIENT | V12: No | W12: Individual | X12: Other | Y12: Married | Z12: 3 | AA12: 1 | AB12: No | AE12: No | AF12: Yes | AH12: Yes | AI12: Yes | AJ12: Yes | AK12: Yes | AL12: Yes | AM12: Yes | AN12: No | AO12: No | AP12: Yes | AQ12: Yes | AR12: No | AS12: No | AT12: Yes | AU12: No | AV12: Yes | AW12: No | AX12: 2 | BA12: No | BB12: 0 | BC12: 3 | BD12: NON-REACTIVE | BE12: 44932 | BJ12: Negative | BZ12: Previously tested negative | CA12: Yes | CB12: Yes | CC12: Yes | CD12: No | CE12: No | CI12: No | CJ12: Yes | CK12: Yes | CL12: Yes | CM12: Yes | CN12: No | CO12: No | CP12: No | CR12: 06-Jan-2023
A13: IHVN | B13: Nasarawa | C13: Lafia | D13: na Shabu Model Comprehensive Centre | E13: ZBFgkyECWkA | F13: NASARAWA | G13: LAFIA | H13: 002/01/23/VCT | L13: M | M13: 01-Jan-1996 | N13: 29 | O13: 25 - 29 | P13: 27 | Q13: 02-Jan-2023 | R13: Voluntary counseling and testing program | S13: 113810 | T13: Voluntary counseling and testing center | V13: No | W13: Individual | X13: SELF | Y13: Married | Z13: 1 | AA13: 1 | AB13: No | AE13: No | AF13: Yes | AH13: Yes | AI13: Yes | AJ13: Yes | AK13: Yes | AL13: Yes | AM13: Yes | AN13: No | AO13: Yes | AP13: No | AQ13: Yes | AR13: No | AS13: No | AT13: No | AU13: No | AV13: No | AW13: No | AX13: 0 | BA13: No | BB13: 0 | BC13: 3 | BD13: NON-REACTIVE | BE13: 44928 | BJ13: Negative | BZ13: Previously tested negative | CA13: Yes | CB13: Yes | CC13: Yes | CD13: No | CE13: No | CI13: No | CJ13: Yes | CK13: Yes | CL13: Yes | CM13: Yes | CN13: No | CO13: No | CP13: No | CR13: 02-Jan-2023
A14: IHVN | B14: Nasarawa | C14: Lafia | D14: na Shabu Model Comprehensive Centre | E14: ZBFgkyECWkA | F14: NASARAWA | G14: LAFIA | H14: 006/01/23/INP | L14: F | M14: 01-Jan-2001 | N14: 24 | O14: 20 - 24 | P14: 22 | Q14: 06-Jan-2023 | R14: Other | S14: 113808 | T14: Provider-initiated HIV testing and counseling | U14: INPATIENT | V14: Yes | W14: Individual | X14: Other | Y14: Never married | Z14: 0 | AB14: No | AE14: No | AF14: No | AG14: No | AH14: Yes | AI14: Yes | AJ14: Yes | AK14: Yes | AL14: Yes | AM14: Yes | AN14: No | AO14: Yes | AP14: No | AQ14: Yes | AR14: Yes | AS14: No | AT14: Yes | AU14: Yes | AV14: No | AW14: No | AX14: 2 | AY14: No | AZ14: Yes | BA14: No | BB14: 1 | BC14: 4 | BD14: NON-REACTIVE | BE14: 44932 | BJ14: Negative | BZ14: Not previously tested | CA14: Yes | CB14: Yes | CC14: Yes | CD14: Yes | CE14: Yes | CI14: No | CJ14: Yes | CK14: Yes | CL14: Yes | CM14: No | CN14: Yes | CO14: Yes | CP14: Yes | CR14: 06-Jan-2023
A15: IHVN | B15: Nasarawa | C15: Lafia | D15: na Shabu Model Comprehensive Centre | E15: ZBFgkyECWkA | F15: NASARAWA | G15: LAFIA | H15: 001/01/23/OPD | L15: M | M15: 01-Jan-2009 | N15: 16 | O15: 15 - 19 | P15: 14 | Q15: 01-Jan-2023 | R15: Outpatient department | S15: 113809 | T15: Provider-initiated HIV testing and counseling | V15: Yes | W15: Individual | X15: Other | Y15: Never married | Z15: 0 | AB15: No | AE15: No | AF15: No | AH15: Yes | AI15: Yes | AJ15: Yes | AK15: Yes | AL15: Yes | AM15: No | AN15: No | AO15: No | AP15: No | AQ15: No | AR15: No | AS15: Yes | AT15: No | AU15: Yes | AV15: No | AW15: No | AX15: 2 | BA15: No | BB15: 0 | BC15: 0 | BD15: NON-REACTIVE | BE15: 44927 | BJ15: Negative | BZ15: Not previously tested | CA15: Yes | CB15: Yes | CC15: Yes | CD15: No | CE15: No | CI15: No | CJ15: Yes | CK15: Yes | CL15: No | CM15: No | CN15: No | CO15: No | CP15: No | CR15: 01-Jan-2023
A16: IHVN | B16: Nasarawa | C16: Lafia | D16: na Shabu Model Comprehensive Centre | E16: ZBFgkyECWkA | F16: NASARAWA | G16: LAFIA | H16: 002/01/23/OPD | L16: M | M16: 01-Jan-1995 | N16: 30 | O16: 30 - 34 | P16: 28 | Q16: 01-Jan-2023 | R16: Outpatient department | S16: 113811 | T16: Provider-initiated HIV testing and counseling | V16: No | W16: Individual | X16: Other | Y16: Married | Z16: 1 | AA16: 1 | AB16: No | AE16: No | AF16: Yes | AH16: Yes | AI16: Yes | AJ16: Yes | AK16: Yes | AL16: Yes | AM16: Yes | AN16: No | AO16: No | AP16: Yes | AQ16: Yes | AR16: No | AS16: No | AT16: Yes | AU16: No | AV16: No | AW16: No | AX16: 1 | BA16: No | BB16: 0 | BC16: 3 | BD16: NON-REACTIVE | BE16: 44927 | BJ16: Negative | BZ16: Previously tested negative | CA16: Yes | CB16: Yes | CC16: Yes | CD16: No | CE16: No | CI16: No | CJ16: Yes | CK16: Yes | CL16: Yes | CM16: Yes | CN16: No | CO16: No | CP16: No | CR16: 01-Jan-2023
A17: IHVN | B17: Nasarawa | C17: Lafia | D17: na Shabu Model Comprehensive Centre | E17: ZBFgkyECWkA | F17: NASARAWA | G17: LAFIA | H17: 003/01/23/OPD | L17: F | M17: 01-Jan-1988 | N17: 37 | O17: 35 - 39 | P17: 35 | Q17: 02-Jan-2023 | R17: Outpatient department | S17: 113812 | T17: Provider-initiated HIV testing and counseling | V17: No | W17: Individual | X17: Other | Y17: Married | Z17: 3 | AB17: No | AE17: No | AF17: Yes | AG17: No | AH17: Yes | AI17: Yes | AJ17: Yes | AK17: Yes | AL17: Yes | AM17: Yes | AN17: No | AO17: No | AP17: Yes | AQ17: No | AR17: No | AS17: No | AT17: Yes | AU17: Yes | AV17: No | AW17: No | AX17: 2 | AY17: No | AZ17: Yes | BA17: No | BB17: 1 | BC17: 2 | BD17: NON-REACTIVE | BE17: 44928 | BJ17: Negative | BZ17: Previously tested negative | CA17: Yes | CB17: Yes | CC17: Yes | CD17: No | CE17: No | CI17: No | CJ17: Yes | CK17: Yes | CL17: Yes | CM17: Yes | CN17: No | CO17: No | CP17: No | CR17: 02-Jan-2023
A18: IHVN | B18: Nasarawa | C18: Lafia | D18: na Shabu Model Comprehensive Centre | E18: ZBFgkyECWkA | F18: NASARAWA | G18: LAFIA | H18: 003/01/23/VCT | L18: M | M18: 01-Jan-1983 | N18: 42 | O18: 40 - 44 | P18: 40 | Q18: 05-Jan-2023 | R18: Voluntary counseling and testing program | S18: 113816 | T18: Voluntary counseling and testing center | V18: No | W18: Individual | X18: SELF | Y18: Married | Z18: 4 | AA18: 1 | AB18: No | AE18: No | AF18: Yes | AH18: Yes | AI18: Yes | AJ18: Yes | AK18: Yes | AM18: Yes | AN18: No | AO18: No | AP18: Yes | AQ18: Yes | AR18: No | AS18: Yes | AT18: Yes | AU18: Yes | AV18: No | AW18: No | AX18: 3 | BA18: Yes | BB18: 1 | BC18: 3 | BD18: NON-REACTIVE | BE18: 44931 | BJ18: Negative | BZ18: Previously tested negative | CA18: Yes | CB18: Yes | CC18: Yes | CD18: No | CE18: No | CI18: No | CJ18: Yes | CK18: Yes | CL18: Yes | CM18: Yes | CN18: No | CO18: No | CP18: No | CR18: 05-Jan-2023
A19: IHVN | B19: Nasarawa | C19: Lafia | D19: na Shabu Model Comprehensive Centre | E19: ZBFgkyECWkA | F19: NASARAWA | G19: LAFIA | H19: 004/01/23/OPD | L19: M | M19: 01-Jan-2000 | N19: 25 | O19: 25 - 29 | P19: 23 | Q19: 02-Jan-2023 | R19: Outpatient department | S19: 113813 | T19: Provider-initiated HIV testing and counseling | V19: Yes | W19: Individual | X19: Other | Y19: Never married | Z19: 0 | AB19: No | AE19: No | AF19: No | AH19: Yes | AI19: Yes | AJ19: Yes | AK19: Yes | AL19: Yes | AM19: Yes | AN19: No | AO19: Yes | AP19: No | AQ19: Yes | AR19: Yes | AS19: Yes | AT19: No | AU19: Yes | AV19: No | AW19: No | AX19: 2 | BA19: No | BB19: 0 | BC19: 4 | BD19: NON-REACTIVE | BE19: 44928 | BJ19: Negative | BZ19: Not previously tested | CA19: Yes | CB19: Yes | CC19: Yes | CD19: Yes | CE19: Yes | CI19: No | CJ19: Yes | CK19: Yes | CL19: Yes | CM19: No | CN19: Yes | CO19: Yes | CP19: Yes | CR19: 02-Jan-2023
A20: IHVN | B20: Nasarawa | C20: Lafia | D20: na Shabu Model Comprehensive Centre | E20: ZBFgkyECWkA | F20: NASARAWA | G20: LAFIA | H20: 005/01/23/OPD | L20: F | M20: 01-Jan-1994 | N20: 31 | O20: 30 - 34 | P20: 29 | Q20: 03-Jan-2023 | R20: Outpatient department | S20: 113814 | T20: Provider-initiated HIV testing and counseling | V20: No | W20: Individual | X20: Other | Y20: Married | Z20: 1 | AB20: No | AE20: No | AF20: Yes | AG20: No | AH20: Yes | AI20: Yes | AJ20: Yes | AK20: Yes | AL20: Yes | AM20: Yes | AN20: No | AO20: No | AP20: Yes | AQ20: No | AR20: No | AS20: No | AT20: Yes | AU20: No | AV20: No | AW20: No | AX20: 1 | AY20: No | AZ20: Yes | BA20: No | BB20: 1 | BC20: 2 | BD20: NON-REACTIVE | BE20: 44929 | BJ20: Negative | BZ20: Previously tested negative | CA20: Yes | CB20: Yes | CC20: Yes | CD20: No | CE20: No | CI20: No | CJ20: Yes | CK20: Yes | CL20: Yes | CM20: Yes | CN20: No | CO20: No | CP20: No | CR20: 03-Jan-2023
A21: IHVN | B21: Nasarawa | C21: Lafia | D21: na Shabu Model Comprehensive Centre | E21: ZBFgkyECWkA | F21: NASARAWA | G21: LAFIA | H21: 006/01/23/OPD | L21: F | M21: 01-Jan-1994 | N21: 31 | O21: 30 - 34 | P21: 29 | Q21: 03-Jan-2023 | R21: Outpatient department | S21: 113815 | T21: Provider-initiated HIV testing and counseling | V21: Yes | W21: Individual | X21: Other | Y21: Married | Z21: 2 | AB21: No | AE21: No | AF21: No | AG21: No | AH21: Yes | AI21: Yes | AJ21: Yes | AK21: Yes | AL21: Yes | AM21: Yes | AN21: No | AO21: No | AP21: Yes | AQ21: Yes | AR21: No | AS21: No | AT21: No | AU21: No | AV21: No | AW21: No | AX21: 0 | AY21: Yes | AZ21: No | BA21: No | BB21: 1 | BC21: 3 | BD21: NON-REACTIVE | BE21: 44929 | BJ21: Negative | BZ21: Not previously tested | CA21: Yes | CB21: Yes | CC21: Yes | CD21: No | CE21: No | CI21: No | CJ21: Yes | CK21: Yes | CL21: Yes | CM21: Yes | CN21: No | CO21: No | CP21: No | CR21: 03-Jan-2023
A22: IHVN | B22: Nasarawa | C22: Lafia | D22: na Shabu Model Comprehensive Centre | E22: ZBFgkyECWkA | F22: NASARAWA | G22: LAFIA | H22: 007/01/23/OPD | L22: F | M22: 01-Jan-1992 | N22: 33 | O22: 30 - 34 | P22: 31 | Q22: 03-Jan-2023 | R22: Outpatient department | S22: 113817 | T22: Provider-initiated HIV testing and counseling | V22: No | W22: Individual | X22: Other | Y22: Married | Z22: 3 | AB22: No | AE22: No | AF22: Yes | AG22: No | AH22: Yes | AI22: Yes | AJ22: Yes | AK22: Yes | AL22: Yes | AM22: Yes | AN22: No | AO22: No | AP22: Yes | AQ22: Yes | AR22: No | AS22: No | AT22: No | AU22: Yes | AV22: No | AW22: No | AX22: 1 | AY22: No | AZ22: Yes | BA22: No | BB22: 1 | BC22: 3 | BD22: NON-REACTIVE | BE22: 44929 | BJ22: Negative | BZ22: Previously tested negative | CA22: Yes | CB22: Yes | CC22: Yes | CD22: No | CE22: No | CI22: No | CJ22: Yes | CK22: Yes | CL22: Yes | CM22: Yes | CN22: No | CO22: No | CP22: No | CR22: 03-Jan-2023
A23: IHVN | B23: Nasarawa | C23: Lafia | D23: na Shabu Model Comprehensive Centre | E23: ZBFgkyECWkA | F23: NASARAWA | G23: LAFIA | H23: 005/01/23/VCT | L23: M | M23: 01-Jan-1999 | N23: 26 | O23: 25 - 29 | P23: 24 | Q23: 07-Jan-2023 | R23: Voluntary counseling and testing program | S23: 113821 | T23: Voluntary counseling and testing center | V23: No | W23: Individual | X23: SELF | Y23: Never married | AB23: No | AE23: No | AF23: Yes | AH23: Yes | AI23: Yes | AJ23: Yes | AK23: Yes | AL23: Yes | AM23: Yes | AN23: No | AO23: Yes | AP23: No | AQ23: No | AR23: No | AS23: No | AT23: Yes | AU23: Yes | AV23: No | AW23: No | AX23: 2 | BA23: No | BB23: 0 | BC23: 2 | BD23: NON-REACTIVE | BE23: 44933 | BJ23: Negative | BZ23: Previously tested negative | CA23: Yes | CB23: Yes | CC23: Yes | CD23: No | CE23: No | CI23: No | CJ23: Yes | CK23: Yes | CL23: Yes | CM23: No | CN23: No | CO23: No | CP23: No | CR23: 07-Jan-2023
A24: IHVN | B24: Nasarawa | C24: Lafia | D24: na Shabu Model Comprehensive Centre | E24: ZBFgkyECWkA | F24: NASARAWA | G24: LAFIA | H24: 008/01/23/OPD | L24: F | M24: 01-Jan-2022 | N24: 3 | O24: 1 - 4 | P24: 1 | Q24: 04-Jan-2023 | R24: Outpatient department | S24: 113818 | T24: Provider-initiated HIV testing and counseling | V24: Yes | W24: Individual | X24: Other | Y24: Never married | AB24: No | AE24: No | AF24: No | AG24: No | AH24: Yes | AI24: Yes | AJ24: Yes | AK24: Yes | AL24: Yes | AM24: No | AN24: No | AO24: No | AP24: No | AQ24: No | AR24: No | AS24: No | AT24: Yes | AU24: Yes | AV24: No | AW24: No | AX24: 2 | AY24: No | AZ24: No | BA24: No | BB24: 0 | BC24: 0 | BD24: NON-REACTIVE | BE24: 44930 | BJ24: Negative | BZ24: Not previously tested | CA24: Yes | CB24: Yes | CC24: Yes | CD24: No | CE24: No | CI24: No | CJ24: Yes | CK24: Yes | CL24: No | CM24: No | CN24: No | CO24: No | CP24: No | CR24: 04-Jan-2023
A25: IHVN | B25: Nasarawa | C25: Lafia | D25: na Shabu Model Comprehensive Centre | E25: ZBFgkyECWkA | F25: NASARAWA | G25: LAFIA | H25: 009/01/23/OPD | L25: M | M25: 01-Jan-1988 | N25: 37 | O25: 35 - 39 | P25: 35 | Q25: 04-Jan-2023 | R25: Outpatient department | S25: 113819 | T25: Provider-initiated HIV testing and counseling | V25: No | W25: Individual | X25: Other | Y25: Married | Z25: 3 | AA25: 1 | AB25: No | AE25: No | AF25: Yes | AH25: Yes | AI25: Yes | AJ25: Yes | AK25: Yes | AL25: Yes | AM25: Yes | AN25: No | AO25: No | AP25: Yes | AQ25: Yes | AR25: No | AS25: No | AT25: No | AU25: Yes | AV25: No | AW25: No | AX25: 1 | BA25: No | BB25: 0 | BC25: 3 | BD25: NON-REACTIVE | BE25: 44930 | BJ25: Negative | BZ25: Previously tested negative | CA25: Yes | CB25: Yes | CC25: Yes | CD25: No | CE25: No | CI25: No | CJ25: Yes | CK25: Yes | CL25: Yes | CM25: Yes | CN25: No | CO25: No | CP25: No | CR25: 04-Jan-2023
A26: IHVN | B26: Nasarawa | C26: Lafia | D26: na Shabu Model Comprehensive Centre | E26: ZBFgkyECWkA | F26: NASARAWA | G26: LAFIA | H26: 010/01/23/OPD | L26: M | M26: 01-Jan-1993 | N26: 32 | O26: 30 - 34 | P26: 30 | Q26: 05-Jan-2023 | R26: Outpatient department | S26: 113820 | T26: Provider-initiated HIV testing and counseling | V26: No | W26: Individual | X26: Other | Y26: Married | Z26: 2 | AA26: 1 | AB26: No | AE26: No | AF26: Yes | AH26: Yes | AI26: Yes | AJ26: Yes | AK26: Yes | AL26: Yes | AM26: Yes | AN26: No | AO26: No | AP26: Yes | AQ26: Yes | AR26: No | AS26: No | AT26: Yes | AU26: No | AV26: No | AW26: No | AX26: 1 | BA26: No | BB26: 0 | BC26: 3 | BD26: NON-REACTIVE | BE26: 44931 | BJ26: Negative | BZ26: Previously tested negative | CA26: Yes | CB26: Yes | CC26: Yes | CD26: No | CE26: No | CI26: No | CJ26: Yes | CK26: Yes | CL26: Yes | CM26: Yes | CN26: No | CO26: No | CP26: No | CR26: 05-Jan-2023
A27: IHVN | B27: Nasarawa | C27: Lafia | D27: na Shabu Model Comprehensive Centre | E27: ZBFgkyECWkA | F27: NASARAWA | G27: LAFIA | H27: 011/1/23/OPD | L27: M | M27: 01-Jan-2003 | N27: 22 | O27: 20 - 24 | P27: 20 | Q27: 05-Jan-2023 | R27: Outpatient department | S27: 113822 | T27: Provider-initiated HIV testing and counseling | V27: Yes | W27: Individual | X27: Other | Y27: Never married | AB27: No | AE27: No | AF27: No | AH27: Yes | AI27: Yes | AJ27: Yes | AK27: Yes | AL27: Yes | AM27: Yes | AN27: No | AO27: Yes | AP27: No | AQ27: Yes | AR27: Yes | AS27: Yes | AT27: No | AU27: Yes | AV27: No | AW27: No | AX27: 2 | BA27: No | BB27: 0 | BC27: 4 | BD27: NON-REACTIVE | BE27: 44931 | BJ27: Negative | BZ27: Not previously tested | CA27: Yes | CB27: Yes | CC27: Yes | CD27: Yes | CE27: Yes | CI27: No | CJ27: Yes | CK27: Yes | CL27: Yes | CM27: No | CN27: Yes | CO27: Yes | CP27: Yes | CR27: 05-Jan-2023
A28: IHVN | B28: Nasarawa | C28: Lafia | D28: na Shabu Model Comprehensive Centre | E28: ZBFgkyECWkA | F28: NASARAWA | G28: LAFIA | H28: 012/1/23/OPD | L28: F | M28: 01-Jan-2020 | N28: 5 | O28: 5 - 9 | P28: 3 | Q28: 06-Jan-2023 | R28: Outpatient department | S28: 113823 | T28: Provider-initiated HIV testing and counseling | V28: Yes | W28: Individual | X28: Other | Y28: Never married | AB28: No | AE28: No | AF28: No | AG28: No | AH28: Yes | AI28: Yes | AJ28: Yes | AK28: Yes | AL28: Yes | AM28: No | AN28: No | AO28: No | AP28: No | AQ28: No | AR28: No | AS28: Yes | AT28: No | AU28: Yes | AV28: No | AW28: No | AX28: 2 | AY28: No | AZ28: No | BA28: No | BB28: 0 | BC28: 0 | BD28: NON-REACTIVE | BE28: 44932 | BJ28: Negative | BZ28: Not previously tested | CA28: Yes | CB28: Yes | CC28: Yes | CD28: No | CE28: No | CI28: No | CJ28: Yes | CK28: Yes | CL28: No | CM28: No | CN28: No | CO28: No | CP28: No | CR28: 05-Jan-2023
A29: IHVN | B29: Nasarawa | C29: Lafia | D29: na Shabu Model Comprehensive Centre | E29: ZBFgkyECWkA | F29: NASARAWA | G29: LAFIA | H29: 006/01/23/VCT | L29: M | M29: 01-Jan-1990 | N29: 35 | O29: 35 - 39 | P29: 33 | Q29: 07-Jan-2023 | R29: Voluntary counseling and testing program | S29: 113826 | T29: Voluntary counseling and testing center | V29: No | W29: Individual | X29: SELF | Y29: Married | Z29: 2 | AA29: 1 | AB29: No | AE29: No | AF29: Yes | AH29: Yes | AI29: Yes | AJ29: Yes | AK29: Yes | AL29: Yes | AM29: Yes | AN29: No | AO29: No | AP29: Yes | AQ29: Yes | AR29: No | AS29: No | AT29: Yes | AU29: Yes | AV29: No | AW29: No | AX29: 2 | BA29: Yes | BB29: 1 | BC29: 3 | BD29: NON-REACTIVE | BE29: 44933 | BJ29: Negative | BZ29: Previously tested negative | CA29: Yes | CB29: Yes | CC29: Yes | CD29: No | CE29: No | CI29: No | CJ29: Yes | CK29: Yes | CL29: Yes | CM29: Yes | CN29: No | CO29: No | CP29: No | CR29: 07-Jan-2023
A30: IHVN | B30: Nasarawa | C30: Lafia | D30: na Shabu Model Comprehensive Centre | E30: ZBFgkyECWkA | F30: NASARAWA | G30: LAFIA | H30: 013/1/23/OPD | L30: M | M30: 01-Jan-1953 | N30: 72 | O30: 50+ | P30: 70 | Q30: 06-Jan-2023 | R30: Outpatient department | S30: 113824 | T30: Provider-initiated HIV testing and counseling | V30: No | W30: Individual | X30: Other | Y30: Married | Z30: 8 | AA30: 1 | AB30: No | AE30: No | AF30: Yes | AH30: Yes | AI30: Yes | AJ30: Yes | AK30: Yes | AL30: Yes | AM30: Yes | AN30: No | AO30: No | AP30: Yes | AQ30: Yes | AR30: No | AS30: No | AT30: Yes | AU30: Yes | AV30: No | AW30: No | AX30: 2 | BA30: No | BB30: 0 | BC30: 3 | BD30: NON-REACTIVE | BE30: 44932 | BJ30: Negative | BZ30: Previously tested negative | CA30: Yes | CB30: Yes | CC30: Yes | CD30: No | CE30: No | CI30: No | CJ30: Yes | CK30: Yes | CL30: Yes | CM30: Yes | CN30: No | CO30: No | CP30: No | CR30: 06-Jan-2023
A31: IHVN | B31: Nasarawa | C31: Lafia | D31: na Shabu Model Comprehensive Centre | E31: ZBFgkyECWkA | F31: NASARAWA | G31: LAFIA | H31: 014/1/23/OPD | L31: F | M31: 01-Jan-1993 | N31: 32 | O31: 30 - 34 | P31: 30 | Q31: 06-Jan-2023 | R31: Outpatient department | S31: 113825 | T31: Provider-initiated HIV testing and counseling | V31: No | W31: Individual | X31: Other | Y31: Married | Z31: 3 | AB31: No | AE31: No | AF31: Yes | AG31: No | AH31: Yes | AI31: Yes | AJ31: Yes | AK31: Yes | AL31: Yes | AM31: Yes | AN31: No | AO31: No | AP31: Yes | AQ31: Yes | AR31: No | AS31: No | AT31: Yes | AU31: Yes | AV31: No | AW31: No | AX31: 2 | AY31: No | AZ31: Yes | BA31: No | BB31: 1 | BC31: 3 | BD31: NON-REACTIVE | BE31: 44932 | BJ31: Negative | BZ31: Previously tested negative | CA31: Yes | CB31: Yes | CC31: Yes | CD31: No | CE31: No | CI31: No | CJ31: Yes | CK31: Yes | CL31: Yes | CM31: Yes | CN31: No | CO31: No | CP31: No | CR31: 06-Jan-2023
A32: IHVN | B32: Nasarawa | C32: Lafia | D32: na Shabu Model Comprehensive Centre | E32: ZBFgkyECWkA | F32: NASARAWA | G32: LAFIA | H32: 018/01/23/OPD | L32: F | M32: 01-Jan-1991 | N32: 34 | O32: 30 - 34 | P32: 32 | Q32: 07-Jan-2023 | R32: Outpatient department | S32: 113828 | T32: Provider-initiated HIV testing and counseling | V32: No | W32: Individual | X32: Other | Y32: Married | Z32: 2 | AB32: No | AE32: No | AF32: Yes | AG32: No | AH32: Yes | AI32: Yes | AJ32: Yes | AK32: Yes | AL32: Yes | AM32: Yes | AN32: No | AO32: No | AP32: Yes | AQ32: Yes | AR32: No | AS32: Yes | AT32: No | AU32: Yes | AV32: No | AW32: No | AX32: 2 | AY32: No | AZ32: Yes | BA32: No | BB32: 1 | BC32: 3 | BD32: NON-REACTIVE | BE32: 44933 | BJ32: Negative | BZ32: Previously tested negative | CA32: Yes | CB32: Yes | CC32: Yes | CD32: No | CE32: No | CI32: No | CJ32: Yes | CK32: Yes | CL32: Yes | CM32: Yes | CN32: No | CO32: No | CP32: No | CR32: 07-Jan-2023
A33: IHVN | B33: Nasarawa | C33: Lafia | D33: na Shabu Model Comprehensive Centre | E33: ZBFgkyECWkA | F33: NASARAWA | G33: LAFIA | H33: 015/01/23/OPD | L33: F | M33: 01-Jan-2005 | N33: 20 | O33: 20 - 24 | P33: 18 | Q33: 07-Jan-2023 | R33: Outpatient department | S33: 113832 | T33: Provider-initiated HIV testing and counseling | V33: Yes | W33: Individual | X33: Outpatient department | Y33: Never married | AE33: No | AF33: No | AG33: No | AH33: Yes | AI33: Yes | AJ33: Yes | AK33: Yes | AL33: Yes | AM33: No | AN33: No | AO33: No | AP33: No | AQ33: No | AR33: No | AS33: Yes | AT33: Yes | AU33: Yes | AV33: No | AW33: No | AX33: 3 | AY33: No | AZ33: No | BA33: No | BB33: 0 | BC33: 0 | BD33: NON-REACTIVE | BE33: 44933 | BJ33: Negative | BZ33: Not previously tested | CA33: Yes | CB33: Yes | CC33: Yes | CD33: No | CE33: No | CI33: No | CJ33: Yes | CK33: Yes | CL33: No | CM33: No | CN33: No | CO33: No | CP33: No | CR33: 07-Jan-2023
A34: IHVN | B34: Nasarawa | C34: Lafia | D34: na Shabu Model Comprehensive Centre | E34: ZBFgkyECWkA | F34: NASARAWA | G34: LAFIA | H34: 019/01/23/OPD | L34: F | M34: 01-Jan-1991 | N34: 34 | O34: 30 - 34 | P34: 32 | Q34: 07-Jan-2023 | R34: Outpatient department | S34: 113830 | T34: Provider-initiated HIV testing and counseling | V34: Yes | W34: Individual | X34: Other | Y34: Married | Z34: 4 | AB34: No | AE34: No | AF34: No | AG34: No | AH34: Yes | AI34: Yes | AJ34: Yes | AK34: Yes | AL34: Yes | AM34: Yes | AN34: No | AO34: No | AP34: Yes | AQ34: Yes | AR34: No | AS34: No | AT34: Yes | AU34: Yes | AV34: No | AW34: No | AX34: 2 | AY34: Yes | AZ34: No | BA34: No | BB34: 1 | BC34: 3 | BD34: NON-REACTIVE | BE34: 44933 | BJ34: Negative | BZ34: Not previously tested | CA34: Yes | CB34: Yes | CC34: Yes | CD34: No | CE34: No | CI34: No | CJ34: Yes | CK34: Yes | CL34: Yes | CM34: Yes | CN34: No | CO34: No | CP34: No | CR34: 07-Jan-2023
A35: IHVN | B35: Nasarawa | C35: Lafia | D35: na Shabu Model Comprehensive Centre | E35: ZBFgkyECWkA | F35: NASARAWA | G35: LAFIA | H35: 020/01/23/OPD | L35: F | M35: 01-Jan-2005 | N35: 20 | O35: 20 - 24 | P35: 18 | Q35: 08-Jan-2023 | R35: Outpatient department | S35: 113833 | T35: Provider-initiated HIV testing and counseling | V35: No | W35: Individual | X35: Other | Y35: Never married | AB35: No | AE35: No | AF35: No | AG35: No | AH35: Yes | AI35: Yes | AJ35: Yes | AK35: Yes | AL35: Yes | AM35: No | AN35: No | AO35: No | AP35: No | AQ35: No | AR35: No | AS35: Yes | AT35: No | AU35: Yes | AV35: No | AW35: No | AX35: 2 | AY35: No | AZ35: Yes | BA35: No | BB35: 1 | BC35: 0 | BD35: NON-REACTIVE | BE35: 44934 | BJ35: Negative | BZ35: Not previously tested | CA35: Yes | CB35: Yes | CC35: Yes | CD35: No | CE35: No | CI35: No | CJ35: Yes | CK35: Yes | CL35: No | CM35: No | CN35: No | CO35: No | CP35: No | CR35: 08-Jan-2023
A36: IHVN | B36: Nasarawa | C36: Lafia | D36: na Shabu Model Comprehensive Centre | E36: ZBFgkyECWkA | F36: NASARAWA | G36: LAFIA | H36: 016/01/23/OPD | L36: M | M36: 01-Jan-1998 | N36: 27 | O36: 25 - 29 | P36: 25 | Q36: 11-Jan-2023 | R36: Outpatient department | S36: 113834 | T36: Provider-initiated HIV testing and counseling | V36: Yes | W36: Individual | X36: Outpatient department | Y36: Never married | AE36: No | AF36: No | AH36: Yes | AI36: Yes | AJ36: Yes | AK36: Yes | AL36: Yes | AM36: Yes | AN36: No | AO36: Yes | AP36: No | AQ36: No | AR36: Yes | AS36: No | AT36: Yes | AU36: Yes | AV36: No | AW36: No | AX36: 2 | BA36: No | BB36: 0 | BC36: 3 | BD36: NON-REACTIVE | BE36: 44937 | BJ36: Negative | BZ36: Not previously tested | CA36: Yes | CB36: Yes | CC36: Yes | CD36: No | CE36: Yes | CI36: No | CJ36: Yes | CK36: Yes | CL36: Yes | CM36: No | CN36: Yes | CO36: Yes | CP36: Yes | CR36: 11-Jan-2023
A37: IHVN | B37: Nasarawa | C37: Lafia | D37: na Shabu Model Comprehensive Centre | E37: ZBFgkyECWkA | F37: NASARAWA | G37: LAFIA | H37: 021/01/23/OPD | L37: F | M37: 01-Jan-1996 | N37: 29 | O37: 25 - 29 | P37: 27 | Q37: 08-Jan-2023 | R37: Outpatient department | S37: 113836 | T37: Provider-initiated HIV testing and counseling | V37: Yes | W37: Individual | X37: Other | Y37: Married | Z37: 1 | AB37: No | AE37: No | AF37: Yes | AG37: No | AH37: Yes | AI37: Yes | AJ37: Yes | AK37: Yes | AL37: Yes | AM37: Yes | AN37: No | AO37: No | AP37: Yes | AQ37: No | AR37: No | AS37: No | AT37: Yes | AU37: Yes | AV37: No | AW37: No | AX37: 2 | AY37: No | AZ37: Yes | BA37: No | BB37: 1 | BC37: 2 | BD37: NON-REACTIVE | BE37: 44934 | BJ37: Negative | BZ37: Previously tested negative | CA37: Yes | CB37: Yes | CC37: Yes | CD37: No | CE37: No | CI37: No | CJ37: Yes | CK37: Yes | CL37: Yes | CM37: Yes | CN37: No | CO37: No | CP37: No | CR37: 08-Jan-2023
A38: IHVN | B38: Nasarawa | C38: Lafia | D38: na Shabu Model Comprehensive Centre | E38: ZBFgkyECWkA | F38: NASARAWA | G38: LAFIA | H38: 022/01/23/OPD | L38: M | M38: 01-Jan-2006 | N38: 19 | O38: 15 - 19 | P38: 17 | Q38: 09-Jan-2023 | R38: Outpatient department | S38: 113837 | T38: Provider-initiated HIV testing and counseling | V38: Yes | W38: Individual | X38: Other | Y38: Never married | AB38: No | AE38: No | AF38: No | AH38: Yes | AI38: Yes | AJ38: Yes | AK38: Yes | AL38: Yes | AM38: No | AN38: No | AO38: No | AP38: No | AQ38: No | AR38: No | AS38: Yes | AT38: No | AU38: Yes | AV38: No | AW38: No | AX38: 2 | BA38: No | BB38: 0 | BC38: 0 | BD38: NON-REACTIVE | BE38: 44935 | BJ38: Negative | BZ38: Not previously tested | CA38: Yes | CB38: Yes | CC38: Yes | CD38: No | CE38: No | CI38: No | CJ38: Yes | CK38: Yes | CL38: No | CM38: No | CN38: No | CO38: No | CP38: No | CR38: 09-Jan-2023
A39: IHVN | B39: Nasarawa | C39: Lafia | D39: na Shabu Model Comprehensive Centre | E39: ZBFgkyECWkA | F39: NASARAWA | G39: LAFIA | H39: 017/01/23/OPD | L39: F | M39: 01-Jan-2001 | N39: 24 | O39: 20 - 24 | P39: 22 | Q39: 11-Jan-2023 | R39: Outpatient department | S39: 113840 | T39: Provider-initiated HIV testing and counseling | V39: Yes | W39: Individual | X39: Outpatient department | Y39: Never married | AE39: No | AF39: No | AG39: No | AH39: Yes | AI39: Yes | AJ39: Yes | AK39: Yes | AL39: Yes | AM39: Yes | AN39: No | AO39: Yes | AP39: No | AQ39: No | AR39: Yes | AS39: Yes | AT39: Yes | AU39: Yes | AV39: No | AW39: No | AX39: 3 | AY39: No | AZ39: No | BA39: No | BB39: 0 | BC39: 3 | BD39: NON-REACTIVE | BE39: 44937 | BJ39: Negative | BZ39: Not previously tested | CA39: Yes | CB39: Yes | CC39: Yes | CD39: No | CE39: Yes | CI39: No | CJ39: Yes | CK39: Yes | CL39: Yes | CM39: No | CN39: Yes | CO39: Yes | CP39: Yes | CR39: 11-Jan-2023
A40: IHVN | B40: Nasarawa | C40: Lafia | D40: na Shabu Model Comprehensive Centre | E40: ZBFgkyECWkA | F40: NASARAWA | G40: LAFIA | H40: 023/01/23/OPD | L40: F | M40: 01-Jan-1933 | N40: 92 | O40: 50+ | P40: 90 | Q40: 10-Jan-2023 | R40: Outpatient department | S40: 113839 | T40: Provider-initiated HIV testing and counseling | V40: No | W40: Individual | X40: Other | Y40: Married | Z40: 9 | AB40: No | AE40: No | AF40: Yes | AG40: No | AH40: Yes | AI40: Yes | AJ40: Yes | AK40: Yes | AL40: Yes | AM40: Yes | AN40: No | AO40: Yes | AP40: Yes | AQ40: Yes | AR40: No | AS40: Yes | AT40: No | AU40: Yes | AV40: No | AW40: No | AX40: 2 | AY40: No | AZ40: Yes | BA40: No | BB40: 1 | BC40: 4 | BD40: NON-REACTIVE | BE40: 44936 | BJ40: Negative | BZ40: Previously tested negative | CA40: Yes | CB40: Yes | CC40: Yes | CD40: No | CE40: No | CI40: No | CJ40: Yes | CK40: Yes | CL40: Yes | CM40: Yes | CN40: No | CO40: No | CP40: No | CR40: 10-Jan-2023
A41: IHVN | B41: Nasarawa | C41: Lafia | D41: na Shabu Model Comprehensive Centre | E41: ZBFgkyECWkA | F41: NASARAWA | G41: LAFIA | H41: 024/01/23/OPD | L41: F | M41: 01-Jan-1999 | N41: 26 | O41: 25 - 29 | P41: 24 | Q41: 11-Jan-2023 | R41: Outpatient department | S41: 113842 | T41: Provider-initiated HIV testing and counseling | V41: Yes | W41: Individual | X41: Other | Y41: Never married | AB41: No | AE41: No | AF41: No | AG41: No | AH41: Yes | AI41: Yes | AJ41: Yes | AK41: Yes | AL41: Yes | AM41: No | AN41: No | AO41: No | AP41: No | AQ41: No | AR41: No | AS41: Yes | AT41: No | AU41: Yes | AV41: No | AW41: No | AX41: 2 | AY41: No | AZ41: No | BA41: No | BB41: 0 | BC41: 0 | BD41: NON-REACTIVE | BE41: 44937 | BJ41: Negative | BZ41: Not previously tested | CA41: Yes | CB41: Yes | CC41: Yes | CD41: No | CE41: No | CI41: No | CJ41: Yes | CK41: Yes | CL41: No | CM41: No | CN41: No | CO41: No | CP41: No | CR41: 11-Jan-2023
A42: IHVN | B42: Nasarawa | C42: Lafia | D42: na Shabu Model Comprehensive Centre | E42: ZBFgkyECWkA | F42: NASARAWA | G42: LAFIA | H42: 006/01/23/IND | L42: F | M42: 01-Jan-1998 | N42: 27 | O42: 25 - 29 | P42: 25 | Q42: 07-Jan-2023 | R42: Other | S42: 113841 | T42: Provider-initiated HIV testing and counseling | U42: INDEX | V42: Yes | W42: Individual | X42: Other | Y42: Married | Z42: 3 | AE42: No | AF42: No | AG42: No | AH42: Yes | AI42: Yes | AJ42: Yes | AK42: Yes | AL42: Yes | AM42: Yes | AN42: No | AO42: No | AP42: Yes | AQ42: No | AR42: No | AS42: No | AT42: Yes | AU42: Yes | AV42: No | AW42: No | AX42: 2 | AY42: No | AZ42: No | BA42: No | BB42: 0 | BC42: 2 | BD42: NON-REACTIVE | BE42: 44933 | BJ42: Negative | BZ42: Not previously tested | CA42: Yes | CB42: Yes | CC42: Yes | CD42: Yes | CE42: No | CI42: No | CJ42: Yes | CK42: Yes | CL42: Yes | CM42: Yes | CN42: Yes | CO42: Yes | CP42: Yes
A43: IHVN | B43: Nasarawa | C43: Lafia | D43: na Shabu Model Comprehensive Centre | E43: ZBFgkyECWkA | F43: NASARAWA | G43: LAFIA | H43: 007/01/23/IND | L43: M | M43: 01-Jul-2021 | N43: 4 | O43: 1 - 4 | P43: 1 | Q43: 10-Jan-2023 | R43: Other | S43: 113843 | T43: Provider-initiated HIV testing and counseling | U43: INDEX | V43: Yes | W43: Individual | X43: Other | Y43: Never married | AE43: No | AF43: No | AH43: Yes | AI43: Yes | AJ43: Yes | AK43: Yes | AL43: Yes | AM43: No | AN43: No | AO43: No | AP43: No | AQ43: No | AR43: No | AS43: No | AT43: Yes | AU43: Yes | AV43: No | AW43: No | AX43: 2 | BA43: No | BB43: 0 | BC43: 0 | BD43: NON-REACTIVE | BE43: 44936 | BJ43: Negative | BZ43: Not previously tested | CA43: Yes | CB43: Yes | CC43: Yes | CD43: No | CE43: No | CI43: No | CJ43: Yes | CK43: Yes | CL43: No | CM43: No | CN43: No | CO43: No | CP43: No | CR43: 10-Jan-2023
A44: IHVN | B44: Nasarawa | C44: Lafia | D44: na Shabu Model Comprehensive Centre | E44: ZBFgkyECWkA | F44: NASARAWA | G44: LAFIA | H44: 025/01/23/OPD | L44: F | M44: 01-Jan-1998 | N44: 27 | O44: 25 - 29 | P44: 25 | Q44: 11-Jan-2023 | R44: Outpatient department | S44: 113844 | T44: Provider-initiated HIV testing and counseling | V44: No | W44: Individual | X44: Other | Y44: Married | Z44: 2 | AB44: No | AE44: No | AF44: Yes | AG44: No | AH44: Yes | AI44: Yes | AJ44: Yes | AK44: Yes | AL44: Yes | AM44: Yes | AN44: No | AO44: No | AP44: Yes | AQ44: No | AR44: No | AS44: No | AT44: No | AU44: Yes | AV44: No | AW44: No | AX44: 1 | AY44: No | AZ44: Yes | BA44: No | BB44: 1 | BC44: 2 | BD44: NON-REACTIVE | BE44: 44937 | BJ44: Negative | BZ44: Previously tested negative | CA44: Yes | CB44: Yes | CC44: Yes | CD44: No | CE44: No | CI44: No | CJ44: Yes | CK44: Yes | CL44: Yes | CM44: Yes | CN44: No | CO44: No | CP44: No | CR44: 11-Jan-2023
A45: IHVN | B45: Nasarawa | C45: Lafia | D45: na Shabu Model Comprehensive Centre | E45: ZBFgkyECWkA | F45: NASARAWA | G45: LAFIA | H45: 008/01/23/IND | L45: M | M45: 01-Jan-1993 | N45: 32 | O45: 30 - 34 | P45: 30 | Q45: 11-Jan-2023 | R45: Other | S45: 113846 | T45: Provider-initiated HIV testing and counseling | U45: INDEX | V45: Yes | W45: Individual | X45: Other | Y45: Married | Z45: 4 | AA45: 1 | AE45: No | AF45: No | AH45: Yes | AI45: Yes | AJ45: Yes | AK45: Yes | AL45: Yes | AM45: Yes | AN45: No | AO45: No | AP45: Yes | AQ45: Yes | AR45: No | AS45: Yes | AT45: Yes | AU45: Yes | AV45: No | AW45: No | AX45: 3 | BA45: No | BB45: 0 | BC45: 3 | BD45: NON-REACTIVE | BE45: 44937 | BJ45: Negative | BZ45: Not previously tested | CA45: Yes | CB45: Yes | CC45: Yes | CD45: Yes | CE45: No | CI45: No | CJ45: Yes | CK45: Yes | CL45: Yes | CM45: Yes | CN45: Yes | CO45: Yes | CP45: Yes | CR45: 11-Jan-2023
A46: IHVN | B46: Nasarawa | C46: Lafia | D46: na Shabu Model Comprehensive Centre | E46: ZBFgkyECWkA | F46: NASARAWA | G46: LAFIA | H46: 026/01/23/OPD | L46: M | M46: 01-Jan-2022 | N46: 3 | O46: 1 - 4 | P46: 1 | Q46: 12-Jan-2023 | R46: Outpatient department | S46: 113845 | T46: Provider-initiated HIV testing and counseling | V46: Yes | W46: Individual | X46: Other | Y46: Never married | AB46: No | AE46: No | AF46: No | AH46: Yes | AI46: Yes | AJ46: Yes | AK46: Yes | AL46: Yes | AM46: No | AN46: No | AO46: No | AP46: No | AQ46: No | AR46: No | AS46: No | AT46: No | AU46: Yes | AV46: No | AW46: No | AX46: 1 | BA46: No | BB46: 0 | BC46: 0 | BD46: NON-REACTIVE | BE46: 44938 | BJ46: Negative | BZ46: Not previously tested | CA46: Yes | CB46: Yes | CC46: Yes | CD46: No | CE46: No | CI46: No | CJ46: Yes | CK46: Yes | CL46: No | CM46: No | CN46: No | CO46: No | CP46: No | CR46: 12-Jan-2023
A47: IHVN | B47: Nasarawa | C47: Lafia | D47: na Shabu Model Comprehensive Centre | E47: ZBFgkyECWkA | F47: NASARAWA | G47: LAFIA | H47: 009/01/23/IND | L47: F | M47: 01-Jan-1978 | N47: 47 | O47: 45 - 49 | P47: 45 | Q47: 12-Jan-2023 | R47: Other | S47: 113847 | T47: Provider-initiated HIV testing and counseling | U47: INDEX | V47: Yes | W47: Individual | X47: Other | Y47: Married | Z47: 3 | AE47: No | AF47: No | AG47: No | AH47: Yes | AI47: Yes | AJ47: Yes | AK47: Yes | AL47: Yes | AM47: Yes | AN47: No | AO47: No | AP47: Yes | AQ47: Yes | AR47: No | AS47: No | AT47: Yes | AU47: Yes | AV47: No | AW47: No | AX47: 2 | AY47: Yes | AZ47: No | BA47: No | BB47: 1 | BC47: 3 | BD47: NON-REACTIVE | BE47: 44938 | BJ47: Negative | BZ47: Not previously tested | CA47: Yes | CB47: Yes | CC47: Yes | CD47: Yes | CE47: No | CI47: No | CJ47: Yes | CK47: Yes | CL47: Yes | CM47: Yes | CN47: Yes | CO47: Yes | CP47: No | CR47: 12-Jan-2023
A48: IHVN | B48: Nasarawa | C48: Lafia | D48: na Shabu Model Comprehensive Centre | E48: ZBFgkyECWkA | F48: NASARAWA | G48: LAFIA | H48: 027/01/23/OPD | L48: M | M48: 01-Jan-2010 | N48: 15 | O48: 15 - 19 | P48: 13 | Q48: 12-Jan-2023 | R48: Outpatient department | S48: 113848 | T48: Provider-initiated HIV testing and counseling | V48: Yes | W48: Individual | X48: Other | Y48: Never married | AB48: No | AE48: No | AF48: No | AH48: Yes | AI48: Yes | AJ48: Yes | AK48: Yes | AL48: Yes | AM48: No | AN48: No | AO48: No | AP48: No | AQ48: No | AR48: No | AS48: Yes | AT48: No | AU48: Yes | AV48: No | AW48: No | AX48: 2 | BA48: No | BB48: 0 | BC48: 0 | BD48: NON-REACTIVE | BE48: 44938 | BJ48: Negative | BZ48: Not previously tested | CA48: Yes | CB48: Yes | CC48: Yes | CD48: No | CE48: No | CI48: No | CJ48: Yes | CK48: Yes | CL48: No | CM48: No | CN48: No | CO48: No | CP48: No | CR48: 12-Jan-2023
A49: IHVN | B49: Nasarawa | C49: Lafia | D49: na Shabu Model Comprehensive Centre | E49: ZBFgkyECWkA | F49: NASARAWA | G49: LAFIA | H49: 007/01/23/VCT | L49: F | M49: 01-Jan-2006 | N49: 19 | O49: 15 - 19 | P49: 17 | Q49: 07-Jan-2023 | R49: Voluntary counseling and testing program | S49: 113850 | T49: Voluntary counseling and testing center | V49: Yes | W49: Individual | X49: SELF | Y49: Never married | AE49: No | AF49: No | AG49: No | AH49: Yes | AI49: Yes | AJ49: Yes | AK49: Yes | AL49: Yes | AM49: No | AN49: No | AO49: No | AP49: No | AQ49: No | AR49: No | AS49: No | AT49: Yes | AU49: Yes | AV49: No | AW49: No | AX49: 2 | AY49: No | AZ49: No | BA49: No | BB49: 0 | BC49: 0 | BD49: NON-REACTIVE | BE49: 44933 | BJ49: Negative | BZ49: Not previously tested | CA49: Yes | CB49: Yes | CC49: Yes | CD49: No | CE49: No | CI49: No | CJ49: Yes | CK49: Yes | CL49: No | CM49: No | CN49: No | CO49: No | CP49: No | CR49: 07-Jan-2023
A50: IHVN | B50: Nasarawa | C50: Lafia | D50: na Shabu Model Comprehensive Centre | E50: ZBFgkyECWkA | F50: NASARAWA | G50: LAFIA | H50: 008/01/23/INP | L50: M | M50: 01-Jan-1998 | N50: 27 | O50: 25 - 29 | P50: 25 | Q50: 11-Jan-2023 | R50: Other | S50: 113849 | T50: Provider-initiated HIV testing and counseling | U50: INPATIENT | V50: No | W50: Individual | X50: Other | Y50: Married | Z50: 3 | AA50: 1 | AB50: No | AE50: No | AF50: Yes | AH50: Yes | AI50: Yes | AJ50: Yes | AK50: Yes | AL50: Yes | AM50: Yes | AN50: No | AO50: No | AP50: Yes | AQ50: Yes | AR50: No | AS50: No | AT50: No | AU50: Yes | AV50: No | AW50: No | AX50: 1 | BA50: No | BB50: 0 | BC50: 3 | BD50: NON-REACTIVE | BE50: 44937 | BJ50: Negative | BZ50: Previously tested negative | CA50: Yes | CB50: Yes | CC50: Yes | CD50: No | CE50: No | CI50: No | CJ50: Yes | CK50: Yes | CL50: Yes | CM50: Yes | CN50: No | CO50: No | CP50: No | CR50: 11-Jan-2023
A51: IHVN | B51: Nasarawa | C51: Lafia | D51: na Shabu Model Comprehensive Centre | E51: ZBFgkyECWkA | F51: NASARAWA | G51: LAFIA | H51: 007/01/23/INP | L51: F | M51: 01-Jan-2000 | N51: 25 | O51: 25 - 29 | P51: 23 | Q51: 08-Jan-2023 | R51: Other | S51: 113851 | T51: Provider-initiated HIV testing and counseling | U51: INPATIENT | V51: Yes | W51: Individual | X51: Other | Y51: Never married | Z51: 0 | AB51: No | AE51: No | AF51: No | AG51: No | AH51: Yes | AI51: Yes | AJ51: Yes | AK51: Yes | AL51: Yes | AM51: Yes | AN51: No | AO51: Yes | AP51: No | AQ51: No | AR51: Yes | AS51: No | AT51: No | AU51: Yes | AV51: No | AW51: No | AX51: 1 | AY51: No | AZ51: Yes | BA51: No | BB51: 1 | BC51: 3 | BD51: NON-REACTIVE | BE51: 44934 | BJ51: Negative | BZ51: Not previously tested | CA51: Yes | CB51: Yes | CC51: Yes | CD51: Yes | CE51: Yes | CI51: No | CJ51: Yes | CK51: Yes | CL51: No | CM51: No | CN51: Yes | CO51: Yes | CP51: Yes | CR51: 08-Jan-2023
A52: IHVN | B52: Nasarawa | C52: Lafia | D52: na Shabu Model Comprehensive Centre | E52: ZBFgkyECWkA | F52: NASARAWA | G52: LAFIA | H52: 008/01/23/VCT | L52: F | M52: 01-Jan-1988 | N52: 37 | O52: 35 - 39 | P52: 35 | Q52: 09-Jan-2023 | R52: Voluntary counseling and testing program | S52: 113853 | T52: Voluntary counseling and testing center | V52: Yes | W52: Individual | X52: SELF | Y52: Married | Z52: 4 | AE52: No | AF52: No | AG52: No | AH52: Yes | AI52: Yes | AJ52: Yes | AK52: Yes | AL52: Yes | AM52: Yes | AN52: No | AO52: No | AP52: Yes | AQ52: No | AR52: No | AS52: Yes | AT52: Yes | AU52: Yes | AV52: No | AW52: No | AX52: 3 | AY52: No | AZ52: No | BA52: No | BB52: 0 | BC52: 2 | BD52: NON-REACTIVE | BE52: 44935 | BJ52: Negative | BZ52: Not previously tested | CA52: Yes | CB52: Yes | CC52: Yes | CD52: No | CE52: Yes | CI52: No | CJ52: Yes | CK52: Yes | CL52: Yes | CM52: Yes | CN52: Yes | CO52: Yes | CP52: Yes | CR52: 09-Jan-2023
A53: IHVN | B53: Nasarawa | C53: Lafia | D53: na Shabu Model Comprehensive Centre | E53: ZBFgkyECWkA | F53: NASARAWA | G53: LAFIA | H53: 009/01/23/VCT | L53: M | M53: 01-Jan-1978 | N53: 47 | O53: 45 - 49 | P53: 45 | Q53: 11-Jan-2023 | R53: Voluntary counseling and testing program | S53: 113854 | T53: Voluntary counseling and testing center | V53: Yes | W53: Individual | X53: SELF | Y53: Married | Z53: 6 | AA53: 1 | AE53: No | AF53: No | AH53: Yes | AI53: Yes | AJ53: Yes | AK53: Yes | AL53: Yes | AM53: Yes | AN53: No | AO53: No | AP53: Yes | AQ53: Yes | AR53: No | AS53: Yes | AT53: Yes | AU53: Yes | AV53: No | AW53: No | AX53: 3 | BA53: No | BB53: 0 | BC53: 3 | BD53: NON-REACTIVE | BE53: 44937 | BJ53: Negative | BZ53: Not previously tested | CA53: Yes | CB53: Yes | CC53: Yes | CD53: No | CE53: Yes | CI53: No | CJ53: Yes | CK53: Yes | CL53: Yes | CM53: Yes | CN53: Yes | CO53: Yes | CP53: Yes | CR53: 11-Jan-2023
A54: IHVN | B54: Nasarawa | C54: Lafia | D54: na Shabu Model Comprehensive Centre | E54: ZBFgkyECWkA | F54: NASARAWA | G54: LAFIA | H54: 010/01/23/VCT | L54: F | M54: 01-Jan-2002 | N54: 23 | O54: 20 - 24 | P54: 21 | Q54: 11-Jan-2023 | R54: Voluntary counseling and testing program | S54: 113856 | T54: Voluntary counseling and testing center | V54: Yes | W54: Individual | X54: SELF | Y54: Married | Z54: 1 | AE54: No | AF54: No | AG54: No | AH54: Yes | AI54: Yes | AJ54: Yes | AK54: Yes | AL54: Yes | AM54: Yes | AN54: No | AO54: No | AP54: Yes | AQ54: Yes | AR54: No | AS54: No | AT54: Yes | AU54: Yes | AV54: No | AW54: No | AX54: 2 | AY54: Yes | AZ54: No | BA54: No | BB54: 1 | BC54: 3 | BD54: NON-REACTIVE | BE54: 44937 | BJ54: Negative | BZ54: Not previously tested | CA54: Yes | CB54: Yes | CC54: Yes | CD54: No | CE54: Yes | CI54: No | CJ54: Yes | CK54: Yes | CL54: Yes | CM54: Yes | CN54: Yes | CO54: Yes | CP54: Yes | CR54: 11-Jan-2023
A55: IHVN | B55: Nasarawa | C55: Lafia | D55: na Shabu Model Comprehensive Centre | E55: ZBFgkyECWkA | F55: NASARAWA | G55: LAFIA | H55: 011/01/23/VCT | L55: F | M55: 01-Jan-2022 | N55: 3 | O55: 1 - 4 | P55: 1 | Q55: 11-Jan-2023 | R55: Voluntary counseling and testing program | S55: 113857 | T55: Voluntary counseling and testing center | V55: Yes | W55: Individual | X55: SELF | Y55: Never married | AE55: No | AF55: No | AG55: No | AH55: Yes | AI55: Yes | AJ55: Yes | AK55: Yes | AL55: Yes | AM55: No | AN55: No | AO55: No | AP55: No | AQ55: No | AR55: No | AS55: Yes | AT55: Yes | AU55: Yes | AV55: No | AW55: No | AX55: 3 | AY55: No | AZ55: No | BA55: No | BB55: 0 | BC55: 0 | BD55: NON-REACTIVE | BE55: 44937 | BJ55: Negative | BZ55: Not previously tested | CA55: Yes | CB55: Yes | CC55: Yes | CD55: No | CE55: No | CI55: No | CJ55: Yes | CK55: Yes | CL55: No | CM55: No | CN55: No | CO55: No | CP55: No | CR55: 11-Jan-2023
A56: IHVN | B56: Nasarawa | C56: Lafia | D56: na Shabu Model Comprehensive Centre | E56: ZBFgkyECWkA | F56: NASARAWA | G56: LAFIA | H56: 009/01/23/INP | L56: F | M56: 01-Jan-2007 | N56: 18 | O56: 15 - 19 | P56: 16 | Q56: 04-Jan-2023 | R56: Other | S56: 113929 | T56: Provider-initiated HIV testing and counseling | U56: INPATIENT | V56: Yes | W56: Individual | X56: Other | Y56: Never married | AE56: No | AF56: No | AG56: No | AH56: Yes | AI56: Yes | AJ56: Yes | AK56: Yes | AL56: Yes | AM56: No | AN56: No | AO56: No | AP56: No | AQ56: No | AR56: No | AS56: Yes | AT56: Yes | AU56: Yes | AV56: No | AW56: No | AX56: 3 | AY56: No | AZ56: No | BA56: No | BB56: 0 | BC56: 0 | BD56: NON-REACTIVE | BE56: 44930 | BJ56: Negative | BZ56: Not previously tested | CA56: Yes | CB56: Yes | CC56: Yes | CD56: No | CE56: No | CI56: No | CJ56: Yes | CK56: Yes | CL56: No | CM56: No | CN56: No | CO56: No | CP56: No | CR56: 04-Jan-2023
A57: IHVN | B57: Nasarawa | C57: Lafia | D57: na Shabu Model Comprehensive Centre | E57: ZBFgkyECWkA | F57: NASARAWA | G57: LAFIA | H57: 010/01/23/INP | L57: M | M57: 01-Dec-2021 | N57: 3 | O57: 1 - 4 | P57: 1 | Q57: 14-Jan-2023 | R57: Other | S57: 113931 | T57: Provider-initiated HIV testing and counseling | U57: INPATIENT | V57: Yes | W57: Individual | X57: Other | Y57: Never married | AE57: No | AF57: No | AH57: Yes | AI57: Yes | AJ57: Yes | AK57: Yes | AL57: Yes | AM57: No | AN57: No | AO57: No | AP57: No | AQ57: No | AR57: No | AS57: Yes | AT57: Yes | AU57: No | AV57: No | AW57: No | AX57: 2 | BA57: No | BB57: 0 | BC57: 0 | BD57: NON-REACTIVE | BE57: 44940 | BJ57: Negative | BZ57: Not previously tested | CA57: Yes | CB57: Yes | CC57: Yes | CD57: No | CE57: No | CI57: No | CJ57: Yes | CK57: Yes | CL57: No | CM57: No | CN57: No | CO57: No | CP57: No | CR57: 14-Jan-2023
A58: IHVN | B58: Nasarawa | C58: Lafia | D58: na Shabu Model Comprehensive Centre | E58: ZBFgkyECWkA | F58: NASARAWA | G58: LAFIA | H58: 012/01/23/VCT | L58: F | M58: 01-Jan-2003 | N58: 22 | O58: 20 - 24 | P58: 20 | Q58: 12-Jan-2023 | R58: Voluntary counseling and testing program | S58: 113932 | T58: Voluntary counseling and testing center | V58: Yes | W58: Individual | X58: SELF | Y58: Married | Z58: 1 | AE58: No | AF58: No | AG58: No | AH58: Yes | AI58: Yes | AJ58: Yes | AK58: Yes | AL58: Yes | AM58: Yes | AN58: No | AO58: No | AP58: Yes | AQ58: Yes | AR58: No | AS58: Yes | AT58: Yes | AU58: Yes | AV58: No | AW58: No | AX58: 3 | AY58: Yes | AZ58: No | BA58: No | BB58: 1 | BC58: 3 | BD58: NON-REACTIVE | BE58: 44938 | BJ58: Negative | BZ58: Not previously tested | CA58: Yes | CB58: Yes | CC58: Yes | CD58: Yes | CE58: No | CI58: No | CJ58: Yes | CK58: Yes | CL58: Yes | CM58: Yes | CN58: Yes | CO58: Yes | CP58: No | CR58: 12-Jan-2023
A59: IHVN | B59: Nasarawa | C59: Lafia | D59: na Shabu Model Comprehensive Centre | E59: ZBFgkyECWkA | F59: NASARAWA | G59: LAFIA | H59: 013/01/23/VCT | L59: F | M59: 01-Jan-2003 | N59: 22 | O59: 20 - 24 | P59: 20 | Q59: 12-Jan-2023 | R59: Voluntary counseling and testing program | S59: 113934 | T59: Voluntary counseling and testing center | V59: Yes | W59: Individual | X59: SELF | Y59: Never married | AE59: No | AF59: Yes | AG59: No | AH59: Yes | AI59: Yes | AJ59: Yes | AK59: Yes | AL59: Yes | AM59: Yes | AN59: Yes | AO59: Yes | AP59: No | AQ59: No | AR59: Yes | AS59: Yes | AT59: Yes | AU59: Yes | AV59: No | AW59: No | AX59: 3 | AY59: No | AZ59: No | BA59: No | BB59: 0 | BC59: 4 | BD59: NON-REACTIVE | BE59: 44938 | BJ59: Negative | BZ59: Not previously tested | CA59: Yes | CB59: Yes | CC59: Yes | CD59: No | CE59: Yes | CI59: No | CJ59: Yes | CK59: Yes | CL59: Yes | CM59: No | CN59: Yes | CO59: Yes | CP59: Yes | CR59: 12-Jan-2023
A60: IHVN | B60: Nasarawa | C60: Lafia | D60: na Shabu Model Comprehensive Centre | E60: ZBFgkyECWkA | F60: NASARAWA | G60: LAFIA | H60: 010/01/23/IND | L60: M | M60: 01-Jan-2001 | N60: 24 | O60: 20 - 24 | P60: 22 | Q60: 12-Jan-2023 | R60: Other | S60: 113935 | T60: Provider-initiated HIV testing and counseling | U60: INDEX | V60: Yes | W60: Individual | X60: Other | Y60: Never married | AE60: No | AF60: No | AH60: Yes | AI60: Yes | AJ60: Yes | AK60: Yes | AL60: Yes | AM60: Yes | AN60: No | AO60: Yes | AP60: No | AQ60: No | AR60: Yes | AS60: No | AT60: Yes | AU60: Yes | AV60: No | AW60: No | AX60: 2 | BA60: No | BB60: 0 | BC60: 3 | BD60: NON-REACTIVE | BE60: 44938 | BJ60: Negative | BZ60: Not previously tested | CA60: Yes | CB60: Yes | CC60: Yes | CD60: No | CE60: Yes | CI60: No | CJ60: Yes | CK60: Yes | CL60: Yes | CM60: No | CN60: Yes | CO60: Yes | CP60: Yes | CR60: 12-Jan-2023
A61: IHVN | B61: Nasarawa | C61: Lafia | D61: na Shabu Model Comprehensive Centre | E61: ZBFgkyECWkA | F61: NASARAWA | G61: LAFIA | H61: 011/01/23/IND | L61: M | M61: 01-Jan-1972 | N61: 53 | O61: 50+ | P61: 51 | Q61: 14-Jan-2023 | R61: Other | S61: 113937 | T61: Provider-initiated HIV testing and counseling | U61: INDEX | V61: Yes | W61: Individual | X61: Other | Y61: Married | Z61: 8 | AA61: 1 | AE61: No | AF61: No | AH61: Yes | AI61: Yes | AJ61: Yes | AK61: Yes | AL61: Yes | AM61: Yes | AN61: No | AO61: No | AP61: Yes | AQ61: No | AR61: No | AS61: Yes | AT61: Yes | AU61: Yes | AV61: No | AW61: No | AX61: 3 | BA61: No | BB61: 0 | BC61: 2 | BD61: NON-REACTIVE | BE61: 44940 | BJ61: Negative | BZ61: Not previously tested | CA61: Yes | CB61: Yes | CC61: Yes | CD61: Yes | CE61: No | CI61: No | CJ61: Yes | CK61: Yes | CL61: Yes | CM61: Yes | CN61: Yes | CO61: Yes | CP61: No | CR61: 14-Jan-2023
A62: IHVN | B62: Nasarawa | C62: Lafia | D62: na Shabu Model Comprehensive Centre | E62: ZBFgkyECWkA | F62: NASARAWA | G62: LAFIA | H62: 012/01/23/IND | L62: F | M62: 01-Jan-1998 | N62: 27 | O62: 25 - 29 | P62: 25 | Q62: 14-Jan-2023 | R62: Other | S62: 113939 | T62: Provider-initiated HIV testing and counseling | U62: INDEX | V62: Yes | W62: Individual | X62: Other | Y62: Married | Z62: 3 | AE62: No | AF62: No | AG62: No | AH62: Yes | AI62: Yes | AJ62: Yes | AK62: Yes | AL62: Yes | AM62: Yes | AN62: No | AO62: No | AP62: Yes | AQ62: Yes | AR62: No | AS62: No | AT62: Yes | AU62: Yes | AV62: No | AW62: No | AX62: 2 | AY62: Yes | AZ62: No | BA62: No | BB62: 1 | BC62: 3 | BD62: NON-REACTIVE | BE62: 44940 | BJ62: Negative | BZ62: Not previously tested | CA62: Yes | CB62: Yes | CC62: Yes | CD62: Yes | CE62: No | CI62: No | CJ62: Yes | CK62: Yes | CL62: Yes | CM62: Yes | CN62: Yes | CO62: Yes | CP62: Yes | CR62: 14-Jan-2023
A63: IHVN | B63: Nasarawa | C63: Lafia | D63: na Shabu Model Comprehensive Centre | E63: ZBFgkyECWkA | F63: NASARAWA | G63: LAFIA | H63: 013/01/23/IND | L63: M | M63: 01-Jan-1993 | N63: 32 | O63: 30 - 34 | P63: 30 | Q63: 14-Jan-2023 | R63: Other | S63: 113941 | T63: Provider-initiated HIV testing and counseling | U63: INDEX | V63: Yes | W63: Individual | X63: Other | Y63: Married | Z63: 1 | AA63: 1 | AE63: No | AF63: No | AH63: Yes | AI63: Yes | AJ63: Yes | AK63: Yes | AL63: Yes | AM63: Yes | AN63: No | AO63: No | AP63: Yes | AQ63: Yes | AR63: No | AS63: No | AT63: Yes | AU63: Yes | AV63: No | AW63: No | AX63: 2 | BA63: No | BB63: 0 | BC63: 3 | BD63: NON-REACTIVE | BE63: 44940 | BJ63: Negative | BZ63: Not previously tested | CA63: Yes | CB63: Yes | CC63: Yes | CD63: Yes | CE63: No | CI63: No | CJ63: Yes | CK63: Yes | CL63: Yes | CM63: Yes | CN63: Yes | CO63: Yes | CP63: No | CR63: 14-Jan-2023
A64: IHVN | B64: Nasarawa | C64: Lafia | D64: na Shabu Model Comprehensive Centre | E64: ZBFgkyECWkA | F64: NASARAWA | G64: LAFIA | H64: 028/01/23/OPD | L64: F | M64: 01-Jan-2004 | N64: 21 | O64: 20 - 24 | P64: 19 | Q64: 12-Jan-2023 | R64: Outpatient department | S64: 113942 | T64: Provider-initiated HIV testing and counseling | V64: Yes | W64: Individual | X64: Outpatient department | Y64: Married | Z64: 1 | AE64: No | AF64: No | AG64: No | AH64: Yes | AI64: Yes | AJ64: Yes | AK64: Yes | AL64: Yes | AM64: Yes | AN64: No | AO64: No | AP64: Yes | AQ64: Yes | AR64: No | AS64: No | AT64: Yes | AU64: Yes | AV64: No | AW64: No | AX64: 2 | AY64: Yes | AZ64: No | BA64: No | BB64: 1 | BC64: 3 | BD64: NON-REACTIVE | BE64: 44938 | BJ64: Negative | BZ64: Not previously tested | CA64: Yes | CB64: Yes | CC64: Yes | CD64: Yes | CE64: No | CI64: No | CJ64: Yes | CK64: Yes | CL64: Yes | CM64: Yes | CN64: Yes | CO64: Yes | CP64: No | CR64: 12-Jan-2023
A65: IHVN | B65: Nasarawa | C65: Lafia | D65: na Shabu Model Comprehensive Centre | E65: ZBFgkyECWkA | F65: NASARAWA | G65: LAFIA | H65: 029/01/23/IND | L65: F | M65: 01-Jan-2003 | N65: 22 | O65: 20 - 24 | P65: 20 | Q65: 12-Jan-2023 | R65: Outpatient department | S65: 113943 | T65: Provider-initiated HIV testing and counseling | V65: Yes | W65: Individual | X65: Outpatient department | Y65: Married | Z65: 1 | AE65: No | AF65: No | AG65: No | AH65: Yes | AI65: Yes | AJ65: Yes | AK65: Yes | AL65: Yes | AM65: Yes | AN65: No | AO65: No | AP65: Yes | AQ65: Yes | AR65: No | AS65: No | AT65: Yes | AU65: Yes | AV65: No | AW65: No | AX65: 2 | AY65: Yes | AZ65: No | BA65: No | BB65: 1 | BC65: 3 | BD65: NON-REACTIVE | BE65: 44938 | BJ65: Negative | BZ65: Not previously tested | CA65: Yes | CB65: Yes | CC65: Yes | CD65: Yes | CE65: No | CI65: No | CJ65: Yes | CK65: Yes | CL65: Yes | CM65: Yes | CN65: Yes | CO65: Yes | CP65: No | CR65: 12-Jan-2023
A66: IHVN | B66: Nasarawa | C66: Lafia | D66: na Shabu Model Comprehensive Centre | E66: ZBFgkyECWkA | F66: NASARAWA | G66: LAFIA | H66: 030/01/23/OPD | L66: F | M66: 01-Jan-1991 | N66: 34 | O66: 30 - 34 | P66: 32 | Q66: 14-Jan-2023 | R66: Outpatient department | S66: 113945 | T66: Provider-initiated HIV testing and counseling | V66: Yes | W66: Individual | X66: Outpatient department | Y66: Married | Z66: 3 | AE66: No | AF66: No | AG66: No | AH66: Yes | AI66: Yes | AJ66: Yes | AK66: Yes | AL66: Yes | AM66: Yes | AN66: No | AO66: No | AP66: Yes | AQ66: Yes | AR66: No | AS66: Yes | AT66: Yes | AU66: Yes | AV66: No | AW66: No | AX66: 3 | AY66: No | AZ66: No | BA66: No | BB66: 0 | BC66: 3 | BD66: NON-REACTIVE | BE66: 44940 | BJ66: Negative | BZ66: Not previously tested | CA66: Yes | CB66: Yes | CC66: Yes | CD66: No | CE66: Yes | CI66: No | CJ66: Yes | CK66: Yes | CL66: Yes | CM66: Yes | CN66: Yes | CO66: Yes | CP66: No | CR66: 14-Jan-2023
A67: IHVN | B67: Nasarawa | C67: Lafia | D67: na Shabu Model Comprehensive Centre | E67: ZBFgkyECWkA | F67: NASARAWA | G67: LAFIA | H67: 031/01/23/OPD | L67: F | M67: 01-Jan-2008 | N67: 17 | O67: 15 - 19 | P67: 15 | Q67: 15-Jan-2023 | R67: Outpatient department | S67: 113946 | T67: Provider-initiated HIV testing and counseling | V67: Yes | W67: Individual | X67: Outpatient department | Y67: Never married | AE67: No | AF67: No | AG67: No | AH67: Yes | AI67: Yes | AJ67: Yes | AK67: Yes | AL67: Yes | AM67: No | AN67: No | AO67: No | AP67: No | AQ67: No | AR67: No | AS67: No | AT67: Yes | AU67: Yes | AV67: No | AW67: No | AX67: 2 | AY67: No | AZ67: No | BA67: No | BB67: 0 | BC67: 0 | BD67: NON-REACTIVE | BE67: 44941 | BJ67: Negative | BZ67: Not previously tested | CA67: Yes | CB67: Yes | CC67: Yes | CD67: No | CE67: No | CI67: No | CJ67: Yes | CK67: Yes | CL67: No | CM67: No | CN67: No | CO67: No | CP67: No | CR67: 15-Jan-2023
A68: IHVN | B68: Nasarawa | C68: Lafia | D68: na Shabu Model Comprehensive Centre | E68: ZBFgkyECWkA | F68: NASARAWA | G68: LAFIA | H68: 032/01/23/OPD | L68: M | M68: 01-Jan-1994 | N68: 31 | O68: 30 - 34 | P68: 29 | Q68: 16-Jan-2023 | R68: Outpatient department | S68: 113948 | T68: Provider-initiated HIV testing and counseling | V68: Yes | W68: Individual | X68: Outpatient department | Y68: Married | Z68: 1 | AA68: 1 | AE68: No | AF68: No | AH68: Yes | AI68: Yes | AJ68: Yes | AK68: Yes | AL68: Yes | AM68: Yes | AN68: No | AO68: No | AP68: Yes | AQ68: Yes | AR68: No | AS68: Yes | AT68: Yes | AU68: Yes | AV68: No | AW68: No | AX68: 3 | BA68: No | BB68: 0 | BC68: 3 | BD68: NON-REACTIVE | BE68: 44942 | BJ68: Negative | BZ68: Not previously tested | CA68: Yes | CB68: Yes | CC68: Yes | CD68: Yes | CE68: No | CI68: No | CJ68: Yes | CK68: Yes | CL68: Yes | CM68: Yes | CN68: Yes | CO68: Yes | CP68: No | CR68: 16-Jan-2023
A69: IHVN | B69: Nasarawa | C69: Lafia | D69: na Shabu Model Comprehensive Centre | E69: ZBFgkyECWkA | F69: NASARAWA | G69: LAFIA | H69: 033/01/23/OPD | L69: F | M69: 01-Jun-2021 | N69: 4 | O69: 1 - 4 | P69: 1 | Q69: 16-Jan-2023 | R69: Outpatient department | S69: 113949 | T69: Provider-initiated HIV testing and counseling | V69: Yes | W69: Individual | X69: Outpatient department | Y69: Never married | AE69: No | AF69: No | AG69: No | AH69: Yes | AI69: Yes | AJ69: Yes | AK69: Yes | AL69: Yes | AM69: No | AN69: No | AO69: No | AP69: No | AQ69: No | AR69: No | AS69: Yes | AT69: Yes | AU69: Yes | AV69: No | AW69: No | AX69: 3 | AY69: No | AZ69: No | BA69: No | BB69: 0 | BC69: 0 | BD69: NON-REACTIVE | BE69: 44942 | BJ69: Negative | BZ69: Not previously tested | CA69: Yes | CB69: Yes | CC69: Yes | CD69: No | CE69: No | CI69: No | CJ69: Yes | CK69: Yes | CL69: No | CM69: No | CN69: No | CO69: No | CP69: No | CR69: 16-Jan-2023
A70: IHVN | B70: Nasarawa | C70: Lafia | D70: na Shabu Model Comprehensive Centre | E70: ZBFgkyECWkA | F70: NASARAWA | G70: LAFIA | H70: 014/01/23/VCT | L70: F | M70: 01-Jan-1978 | N70: 47 | O70: 45 - 49 | P70: 45 | Q70: 16-Jan-2023 | R70: Voluntary counseling and testing program | S70: 113950 | T70: Voluntary counseling and testing center | V70: Yes | W70: Individual | X70: SELF | Y70: Married | Z70: 4 | AE70: No | AF70: No | AG70: No | AH70: Yes | AI70: Yes | AJ70: Yes | AK70: Yes | AL70: Yes | AM70: Yes | AN70: No | AO70: No | AP70: Yes | AQ70: No | AR70: No | AS70: No | AT70: Yes | AU70: Yes | AV70: No | AW70: No | AX70: 2 | AY70: No | AZ70: No | BA70: No | BB70: 0 | BC70: 2 | BD70: NON-REACTIVE | BE70: 44942 | BJ70: Negative | BZ70: Not previously tested | CA70: Yes | CB70: Yes | CC70: Yes | CD70: Yes | CE70: No | CI70: No | CJ70: Yes | CK70: Yes | CL70: Yes | CM70: Yes | CN70: Yes | CO70: Yes | CP70: No | CR70: 16-Jan-2023
A71: IHVN | B71: Nasarawa | C71: Lafia | D71: na Shabu Model Comprehensive Centre | E71: ZBFgkyECWkA | F71: NASARAWA | G71: LAFIA | H71: 014/01/23/IND | L71: M | M71: 01-Jan-2004 | N71: 21 | O71: 20 - 24 | P71: 19 | Q71: 16-Jan-2023 | R71: Other | S71: 113952 | T71: Provider-initiated HIV testing and counseling | U71: INDEX | V71: Yes | W71: Individual | X71: Other | Y71: Never married | AE71: No | AF71: No | AH71: Yes | AI71: Yes | AJ71: Yes | AK71: Yes | AL71: Yes | AM71: Yes | AN71: No | AO71: Yes | AP71: No | AQ71: Yes | AR71: Yes | AS71: No | AT71: Yes | AU71: Yes | AV71: No | AW71: No | AX71: 2 | BA71: No | BB71: 0 | BC71: 4 | BD71: NON-REACTIVE | BE71: 44942 | BJ71: Negative | BZ71: Not previously tested | CA71: Yes | CB71: Yes | CC71: Yes | CD71: No | CE71: Yes | CI71: No | CJ71: Yes | CK71: Yes | CL71: Yes | CM71: No | CN71: Yes | CO71: Yes | CP71: Yes | CR71: 16-Jan-2023
A72: IHVN | B72: Nasarawa | C72: Lafia | D72: na Shabu Model Comprehensive Centre | E72: ZBFgkyECWkA | F72: NASARAWA | G72: LAFIA | H72: 015/01/23/IND | L72: F | M72: 01-Jan-1993 | N72: 32 | O72: 30 - 34 | P72: 30 | Q72: 16-Jan-2023 | R72: Other | S72: 113954 | T72: Provider-initiated HIV testing and counseling | U72: INDEX | V72: Yes | W72: Individual | X72: Other | Y72: Married | Z72: 2 | AE72: No | AF72: No | AG72: No | AH72: Yes | AI72: Yes | AJ72: Yes | AK72: Yes | AL72: Yes | AM72: Yes | AN72: No | AO72: No | AP72: Yes | AQ72: Yes | AR72: No | AS72: No | AT72: Yes | AU72: Yes | AV72: No | AW72: No | AX72: 2 | AY72: Yes | AZ72: No | BA72: No | BB72: 1 | BC72: 3 | BD72: NON-REACTIVE | BE72: 44942 | BJ72: Negative | BZ72: Not previously tested | CA72: Yes | CB72: Yes | CC72: Yes | CD72: No | CE72: Yes | CI72: No | CJ72: Yes | CK72: Yes | CL72: Yes | CM72: Yes | CN72: Yes | CO72: Yes | CP72: No | CR72: 16-Jan-2023
A73: IHVN | B73: Nasarawa | C73: Lafia | D73: na Shabu Model Comprehensive Centre | E73: ZBFgkyECWkA | F73: NASARAWA | G73: LAFIA | H73: 016/01/23/IND | L73: F | M73: 01-Jan-2021 | N73: 4 | O73: 1 - 4 | P73: 2 | Q73: 17-Jan-2023 | R73: Other | S73: 113974 | T73: Provider-initiated HIV testing and counseling | U73: INDEX | V73: Yes | W73: Individual | X73: Other | Y73: Never married | AE73: No | AF73: No | AG73: No | AH73: Yes | AI73: Yes | AJ73: Yes | AK73: Yes | AL73: Yes | AM73: No | AN73: No | AO73: No | AP73: No | AQ73: No | AR73: No | AS73: No | AT73: Yes | AU73: Yes | AV73: No | AW73: No | AX73: 2 | AY73: No | AZ73: No | BA73: No | BB73: 0 | BC73: 0 | BD73: NON-REACTIVE | BE73: 44943 | BJ73: Negative | BZ73: Not previously tested | CA73: Yes | CB73: Yes | CC73: Yes | CD73: No | CE73: No | CI73: No | CJ73: Yes | CK73: Yes | CL73: No | CM73: No | CN73: No | CO73: No | CP73: No | CR73: 17-Jan-2023
A74: IHVN | B74: Nasarawa | C74: Lafia | D74: na Shabu Model Comprehensive Centre | E74: ZBFgkyECWkA | F74: NASARAWA | G74: LAFIA | H74: 011/01/23/INP | L74: F | M74: 01-Jan-1990 | N74: 35 | O74: 35 - 39 | P74: 33 | Q74: 17-Jan-2023 | R74: Other | S74: 113975 | T74: Provider-initiated HIV testing and counseling | U74: INPATIENT | V74: Yes | W74: Individual | X74: Other | Y74: Married | Z74: 4 | AE74: No | AF74: No | AG74: No | AH74: Yes | AI74: Yes | AJ74: Yes | AK74: Yes | AL74: Yes | AM74: Yes | AN74: No | AO74: No | AP74: Yes | AQ74: Yes | AR74: No | AS74: No | AT74: Yes | AU74: Yes | AV74: No | AW74: No | AX74: 2 | AY74: Yes | AZ74: No | BA74: No | BB74: 1 | BC74: 3 | BD74: NON-REACTIVE | BE74: 44943 | BJ74: Negative | BZ74: Not previously tested | CA74: Yes | CB74: Yes | CC74: Yes | CD74: Yes | CE74: No | CI74: No | CJ74: Yes | CK74: Yes | CL74: Yes | CM74: Yes | CN74: Yes | CO74: Yes | CP74: No | CR74: 17-Jan-2023
A75: IHVN | B75: Nasarawa | C75: Lafia | D75: na Shabu Model Comprehensive Centre | E75: ZBFgkyECWkA | F75: NASARAWA | G75: LAFIA | H75: 012/01/23/INP | L75: F | M75: 01-Jan-2005 | N75: 20 | O75: 20 - 24 | P75: 18 | Q75: 17-Jan-2023 | R75: Other | S75: 113976 | T75: Provider-initiated HIV testing and counseling | U75: INPATIENT | V75: Yes | W75: Individual | X75: Other | Y75: Never married | AE75: No | AF75: No | AG75: No | AH75: Yes | AI75: Yes | AJ75: Yes | AK75: Yes | AL75: Yes | AM75: No | AN75: No | AO75: No | AP75: No | AQ75: No | AR75: No | AS75: No | AT75: Yes | AU75: Yes | AV75: No | AW75: No | AX75: 2 | AY75: No | AZ75: No | BA75: No | BB75: 0 | BC75: 0 | BD75: NON-REACTIVE | BE75: 44943 | BJ75: Negative | BZ75: Not previously tested | CA75: Yes | CB75: Yes | CC75: Yes | CD75: No | CE75: No | CI75: No | CJ75: Yes | CK75: Yes | CL75: No | CM75: No | CN75: No | CO75: No | CP75: No | CR75: 17-Jan-2023
A76: IHVN | B76: Nasarawa | C76: Lafia | D76: na Shabu Model Comprehensive Centre | E76: ZBFgkyECWkA | F76: NASARAWA | G76: LAFIA | H76: 034/01/23/OPD | L76: F | M76: 01-Jan-2022 | N76: 3 | O76: 1 - 4 | P76: 1 | Q76: 17-Jan-2023 | R76: Outpatient department | S76: 113977 | T76: Provider-initiated HIV testing and counseling | V76: Yes | W76: Individual | X76: Outpatient department | Y76: Never married | AE76: No | AF76: No | AG76: No | AH76: Yes | AI76: Yes | AJ76: Yes | AK76: Yes | AL76: Yes | AM76: No | AN76: No | AO76: No | AP76: No | AQ76: No | AR76: No | AS76: Yes | AT76: Yes | AU76: Yes | AV76: No | AW76: No | AX76: 3 | AY76: No | AZ76: No | BA76: No | BB76: 0 | BC76: 0 | BD76: NON-REACTIVE | BE76: 44943 | BJ76: Negative | BZ76: Not previously tested | CA76: Yes | CB76: Yes | CC76: Yes | CD76: No | CE76: No | CI76: No | CJ76: Yes | CK76: Yes | CL76: No | CM76: No | CN76: No | CO76: No | CP76: No | CR76: 17-Jan-2023
A77: IHVN | B77: Nasarawa | C77: Lafia | D77: na Shabu Model Comprehensive Centre | E77: ZBFgkyECWkA | F77: NASARAWA | G77: LAFIA | H77: 035/01/23/OPD | L77: M | M77: 01-Jan-1998 | N77: 27 | O77: 25 - 29 | P77: 25 | Q77: 17-Jan-2023 | R77: Outpatient department | S77: 113978 | T77: Provider-initiated HIV testing and counseling | V77: Yes | W77: Individual | X77: Outpatient department | Y77: Married | Z77: 1 | AA77: 1 | AE77: No | AF77: No | AH77: Yes | AI77: Yes | AJ77: Yes | AK77: Yes | AL77: Yes | AM77: Yes | AN77: No | AO77: No | AP77: Yes | AQ77: Yes | AR77: No | AS77: Yes | AT77: Yes | AU77: Yes | AV77: No | AW77: No | AX77: 3 | BA77: No | BB77: 0 | BC77: 3 | BD77: NON-REACTIVE | BE77: 44943 | BJ77: Negative | BZ77: Not previously tested | CA77: Yes | CB77: Yes | CC77: Yes | CD77: No | CE77: Yes | CI77: No | CJ77: Yes | CK77: Yes | CL77: Yes | CM77: Yes | CN77: Yes | CO77: Yes | CP77: Yes | CR77: 17-Jan-2023
A78: IHVN | B78: Nasarawa | C78: Lafia | D78: na Shabu Model Comprehensive Centre | E78: ZBFgkyECWkA | F78: NASARAWA | G78: LAFIA | H78: 015/01/23/VCT | L78: F | M78: 01-Jan-2002 | N78: 23 | O78: 20 - 24 | P78: 21 | Q78: 17-Jan-2023 | R78: Voluntary counseling and testing program | S78: 113979 | T78: Voluntary counseling and testing center | V78: Yes | W78: Individual | X78: SELF | Y78: Married | Z78: 1 | AE78: No | AF78: No | AG78: No | AH78: Yes | AI78: Yes | AJ78: Yes | AK78: Yes | AL78: Yes | AM78: Yes | AN78: Yes | AO78: No | AP78: Yes | AQ78: Yes | AR78: No | AS78: Yes | AT78: Yes | AU78: Yes | AV78: No | AW78: No | AX78: 3 | AY78: Yes | AZ78: No | BA78: No | BB78: 1 | BC78: 4 | BD78: NON-REACTIVE | BE78: 44943 | BJ78: Negative | BZ78: Not previously tested | CA78: Yes | CB78: Yes | CC78: Yes | CD78: No | CE78: Yes | CI78: No | CJ78: Yes | CK78: Yes | CL78: Yes | CM78: Yes | CN78: Yes | CO78: Yes | CP78: No | CR78: 17-Jan-2023
A79: IHVN | B79: Nasarawa | C79: Lafia | D79: na Shabu Model Comprehensive Centre | E79: ZBFgkyECWkA | F79: NASARAWA | G79: LAFIA | H79: 016/01/23/VCT | L79: F | M79: 01-Jan-1997 | N79: 28 | O79: 25 - 29 | P79: 26 | Q79: 17-Jan-2023 | R79: Voluntary counseling and testing program | S79: 113980 | T79: Voluntary counseling and testing center | V79: Yes | W79: Individual | X79: SELF | Y79: Married | Z79: 1 | AE79: No | AF79: No | AG79: No | AH79: Yes | AI79: Yes | AJ79: Yes | AK79: Yes | AL79: Yes | AM79: Yes | AN79: No | AO79: No | AP79: Yes | AQ79: Yes | AR79: No | AS79: Yes | AT79: Yes | AU79: Yes | AV79: No | AW79: No | AX79: 3 | AY79: Yes | AZ79: No | BA79: No | BB79: 1 | BC79: 3 | BD79: NON-REACTIVE | BE79: 44943 | BJ79: Negative | BZ79: Not previously tested | CA79: Yes | CB79: Yes | CC79: Yes | CD79: Yes | CE79: No | CI79: No | CJ79: Yes | CK79: Yes | CL79: Yes | CM79: Yes | CN79: Yes | CO79: Yes | CP79: Yes | CR79: 17-Jan-2023
A80: IHVN | B80: Nasarawa | C80: Lafia | D80: na Shabu Model Comprehensive Centre | E80: ZBFgkyECWkA | F80: NASARAWA | G80: LAFIA | H80: 018/01/23/IND | I80: NAS05405549 | K80: NS08749169 | L80: F | M80: 01-Jan-1993 | N80: 32 | O80: 30 - 34 | P80: 30 | Q80: 19-Jan-2023 | R80: Other | S80: 114148 | T80: Provider-initiated HIV testing and counseling | U80: INDEX | V80: No | W80: Individual | X80: Other | Y80: Never married | AB80: Yes | AC80: Sexual | AD80: 5549 | AE80: Yes | AF80: Yes | AG80: No | AH80: Yes | AI80: Yes | AJ80: Yes | AK80: Yes | AL80: Yes | AM80: Yes | AN80: No | AO80: Yes | AP80: No | AQ80: Yes | AR80: Yes | AS80: Yes | AT80: Yes | AU80: Yes | AV80: No | AW80: No | AX80: 3 | AY80: No | AZ80: Yes | BA80: No | BB80: 1 | BC80: 4 | BD80: REACTIVE | BE80: 44945 | BF80: REACTIVE | BG80: 44945 | BJ80: Positive | BK80: No | BL80: Asante | BM80: 44945 | BN80: Yes | BO80: Yes | BP80: Yes | BQ80: Long Term | BZ80: Previously tested negative | CA80: Yes | CB80: Yes | CC80: Yes | CD80: Yes | CE80: Yes | CF80: NON-REACTIVE | CG80: Negative | CH80: Negative | CI80: No | CJ80: Yes | CK80: Yes | CL80: Yes | CM80: No | CN80: Yes | CO80: Yes | CP80: Yes | CR80: 19-Jan-2023
A81: IHVN | B81: Nasarawa | C81: Lafia | D81: na Shabu Model Comprehensive Centre | E81: ZBFgkyECWkA | F81: NASARAWA | G81: LAFIA | H81: 019/01/23/IND | L81: F | M81: 01-Jan-2002 | N81: 23 | O81: 20 - 24 | P81: 21 | Q81: 20-Jan-2023 | R81: Other | S81: 114168 | T81: Provider-initiated HIV testing and counseling | U81: INDEX | V81: Yes | W81: Individual | X81: Other | Y81: Never married | AB81: No | AE81: No | AF81: No | AG81: No | AH81: Yes | AI81: Yes | AJ81: Yes | AK81: Yes | AL81: Yes | AM81: Yes | AN81: No | AO81: Yes | AP81: No | AQ81: Yes | AR81: No | AS81: No | AT81: No | AU81: Yes | AV81: No | AW81: No | AX81: 1 | AY81: No | AZ81: Yes | BA81: No | BB81: 1 | BC81: 3 | BD81: NON-REACTIVE | BE81: 44946 | BJ81: Negative | BZ81: Not previously tested | CA81: Yes | CB81: Yes | CC81: Yes | CD81: Yes | CE81: Yes | CI81: No | CJ81: Yes | CK81: Yes | CL81: Yes | CM81: No | CN81: Yes | CO81: Yes | CP81: Yes | CR81: 20-Jan-2023
A82: IHVN | B82: Nasarawa | C82: Lafia | D82: na Shabu Model Comprehensive Centre | E82: ZBFgkyECWkA | F82: NASARAWA | G82: LAFIA | H82: 036/01/23/OPD | L82: M | M82: 01-Jan-1998 | N82: 27 | O82: 25 - 29 | P82: 25 | Q82: 18-Jan-2023 | R82: Outpatient department | S82: 114169 | T82: Provider-initiated HIV testing and counseling | V82: No | W82: Individual | X82: Other | Y82: Married | Z82: 1 | AA82: 1 | AB82: No | AE82: No | AF82: Yes | AH82: Yes | AI82: Yes | AJ82: Yes | AK82: Yes | AL82: Yes | AM82: Yes | AN82: No | AO82: No | AP82: Yes | AQ82: Yes | AR82: No | AS82: No | AT82: No | AU82: Yes | AV82: No | AW82: No | AX82: 1 | BA82: No | BB82: 0 | BC82: 3 | BD82: NON-REACTIVE | BE82: 44944 | BJ82: Negative | BZ82: Previously tested negative | CA82: Yes | CB82: Yes | CC82: Yes | CD82: No | CE82: No | CI82: No | CJ82: Yes | CK82: Yes | CL82: Yes | CM82: Yes | CN82: No | CO82: No | CP82: No | CR82: 18-Jan-2023
A83: IHVN | B83: Nasarawa | C83: Lafia | D83: na Shabu Model Comprehensive Centre | E83: ZBFgkyECWkA | F83: NASARAWA | G83: LAFIA | H83: 037/01/23/OPD | L83: F | M83: 01-Jan-1988 | N83: 37 | O83: 35 - 39 | P83: 35 | Q83: 18-Jan-2023 | R83: Outpatient department | S83: 114170 | T83: Provider-initiated HIV testing and counseling | V83: Yes | W83: Individual | X83: Other | Y83: Married | Z83: 2 | AB83: No | AE83: No | AF83: No | AG83: No | AH83: Yes | AI83: Yes | AJ83: Yes | AK83: Yes | AL83: Yes | AM83: Yes | AN83: No | AO83: No | AP83: Yes | AQ83: Yes | AR83: No | AS83: No | AT83: Yes | AU83: Yes | AV83: No | AW83: No | AX83: 2 | AY83: No | AZ83: Yes | BA83: No | BB83: 1 | BC83: 3 | BD83: NON-REACTIVE | BE83: 44944 | BJ83: Negative | BZ83: Not previously tested | CA83: Yes | CB83: Yes | CC83: Yes | CD83: No | CE83: No | CI83: No | CJ83: Yes | CK83: Yes | CL83: Yes | CM83: Yes | CN83: No | CO83: No | CP83: No | CR83: 18-Jan-2023
A84: IHVN | B84: Nasarawa | C84: Lafia | D84: na Shabu Model Comprehensive Centre | E84: ZBFgkyECWkA | F84: NASARAWA | G84: LAFIA | H84: 017/01/23/IND | L84: M | M84: 01-Jan-2011 | N84: 14 | O84: 10 - 14 | P84: 12 | Q84: 18-Jan-2023 | R84: Other | S84: 114171 | T84: Provider-initiated HIV testing and counseling | U84: INDEX | V84: Yes | W84: Individual | X84: Other | Y84: Never married | AB84: No | AE84: No | AF84: No | AH84: Yes | AI84: Yes | AJ84: Yes | AK84: Yes | AL84: Yes | AM84: No | AN84: No | AO84: No | AP84: No | AQ84: No | AR84: No | AS84: No | AT84: No | AU84: Yes | AV84: No | AW84: No | AX84: 1 | BA84: No | BB84: 0 | BC84: 0 | BD84: NON-REACTIVE | BE84: 44944 | BJ84: Negative | BZ84: Not previously tested | CA84: Yes | CB84: Yes | CC84: Yes | CD84: No | CE84: No | CI84: No | CJ84: Yes | CK84: Yes | CL84: No | CM84: No | CN84: No | CO84: No | CP84: No | CR84: 18-Jan-2023
A85: IHVN | B85: Nasarawa | C85: Lafia | D85: na Shabu Model Comprehensive Centre | E85: ZBFgkyECWkA | F85: NASARAWA | G85: LAFIA | H85: 038/01/23/OPD | L85: M | M85: 01-Jan-1991 | N85: 34 | O85: 30 - 34 | P85: 32 | Q85: 19-Jan-2023 | R85: Outpatient department | S85: 114172 | T85: Provider-initiated HIV testing and counseling | V85: No | W85: Individual | X85: Other | Y85: Married | Z85: 3 | AA85: 1 | AB85: No | AE85: No | AF85: Yes | AH85: Yes | AI85: Yes | AJ85: Yes | AK85: Yes | AL85: Yes | AM85: Yes | AN85: No | AO85: No | AP85: Yes | AQ85: No | AR85: No | AS85: Yes | AT85: No | AU85: Yes | AV85: No | AW85: No | AX85: 2 | BA85: No | BB85: 0 | BC85: 2 | BD85: NON-REACTIVE | BE85: 44945 | BJ85: Negative | BZ85: Previously tested negative | CA85: Yes | CB85: Yes | CC85: Yes | CD85: No | CE85: No | CI85: No | CJ85: Yes | CK85: Yes | CL85: Yes | CM85: Yes | CN85: No | CO85: No | CP85: No | CR85: 19-Jan-2023
A86: IHVN | B86: Nasarawa | C86: Lafia | D86: na Shabu Model Comprehensive Centre | E86: ZBFgkyECWkA | F86: NASARAWA | G86: LAFIA | H86: 039/01/23/OPD | L86: F | M86: 01-Jan-1973 | N86: 52 | O86: 50+ | P86: 50 | Q86: 19-Jan-2023 | R86: Outpatient department | S86: 114173 | T86: Provider-initiated HIV testing and counseling | V86: Yes | W86: Individual | X86: Other | Y86: Married | Z86: 6 | AB86: No | AE86: No | AF86: No | AG86: No | AH86: Yes | AI86: Yes | AJ86: Yes | AK86: Yes | AL86: Yes | AM86: Yes | AN86: No | AO86: No | AP86: Yes | AQ86: Yes | AR86: No | AS86: No | AT86: No | AU86: Yes | AV86: No | AW86: No | AX86: 1 | AY86: No | AZ86: No | BA86: No | BB86: 0 | BC86: 3 | BD86: NON-REACTIVE | BE86: 44945 | BJ86: Negative | BZ86: Not previously tested | CA86: Yes | CB86: Yes | CC86: Yes | CD86: No | CE86: No | CI86: No | CJ86: Yes | CK86: Yes | CL86: Yes | CM86: Yes | CN86: No | CO86: No | CP86: No | CR86: 19-Jan-2023
A87: IHVN | B87: Nasarawa | C87: Lafia | D87: na Shabu Model Comprehensive Centre | E87: ZBFgkyECWkA | F87: NASARAWA | G87: LAFIA | H87: 040/01/23/OPD | L87: F | M87: 01-Sep-2021 | N87: 3 | O87: 1 - 4 | P87: 1 | Q87: 20-Jan-2023 | R87: Outpatient department | S87: 114237 | T87: Provider-initiated HIV testing and counseling | V87: Yes | W87: Individual | X87: Outpatient department | Y87: Never married | AE87: No | AF87: No | AG87: No | AH87: Yes | AI87: Yes | AJ87: Yes | AK87: Yes | AL87: Yes | AM87: No | AN87: No | AO87: No | AP87: No | AQ87: No | AR87: No | AS87: No | AT87: Yes | AU87: Yes | AV87: No | AW87: No | AX87: 2 | AY87: No | AZ87: No | BA87: No | BB87: 0 | BC87: 0 | BD87: NON-REACTIVE | BE87: 44946 | BJ87: Negative | BZ87: Not previously tested | CA87: Yes | CB87: Yes | CC87: Yes | CD87: No | CE87: No | CI87: No | CJ87: Yes | CK87: Yes | CL87: No | CM87: No | CN87: No | CO87: No | CP87: No | CR87: 20-Jan-2023
A88: IHVN | B88: Nasarawa | C88: Lafia | D88: na Shabu Model Comprehensive Centre | E88: ZBFgkyECWkA | F88: NASARAWA | G88: LAFIA | H88: 041/01/23/OPD | L88: M | M88: 01-Jan-1985 | N88: 40 | O88: 40 - 44 | P88: 38 | Q88: 20-Jan-2023 | R88: Outpatient department | S88: 114238 | T88: Provider-initiated HIV testing and counseling | V88: Yes | W88: Individual | X88: Outpatient department | Y88: Married | Z88: 1 | AA88: 1 | AE88: No | AF88: No | AH88: Yes | AI88: Yes | AJ88: Yes | AK88: Yes | AL88: Yes | AM88: Yes | AN88: No | AO88: Yes | AP88: Yes | AQ88: Yes | AR88: Yes | AS88: Yes | AT88: Yes | AU88: Yes | AV88: No | AW88: No | AX88: 3 | BA88: No | BB88: 0 | BC88: 5 | BD88: NON-REACTIVE | BE88: 44946 | BJ88: Negative | BZ88: Not previously tested | CA88: Yes | CB88: Yes | CC88: Yes | CD88: Yes | CE88: No | CI88: No | CJ88: Yes | CK88: Yes | CL88: Yes | CM88: Yes | CN88: Yes | CO88: Yes | CP88: Yes | CR88: 20-Jan-2023
A89: IHVN | B89: Nasarawa | C89: Lafia | D89: na Shabu Model Comprehensive Centre | E89: ZBFgkyECWkA | F89: NASARAWA | G89: LAFIA | H89: 042/01/23/OPD | L89: F | M89: 01-Jan-2001 | N89: 24 | O89: 20 - 24 | P89: 22 | Q89: 21-Jan-2023 | R89: Outpatient department | S89: 114239 | T89: Provider-initiated HIV testing and counseling | V89: Yes | W89: Individual | X89: Outpatient department | Y89: Married | Z89: 2 | AE89: No | AF89: No | AG89: No | AH89: Yes | AI89: Yes | AJ89: Yes | AK89: Yes | AL89: Yes | AM89: Yes | AN89: No | AO89: No | AP89: Yes | AQ89: Yes | AR89: No | AS89: No | AT89: Yes | AU89: Yes | AV89: No | AW89: No | AX89: 2 | AY89: Yes | AZ89: No | BA89: No | BB89: 1 | BC89: 3 | BD89: NON-REACTIVE | BE89: 44947 | BJ89: Negative | BZ89: Not previously tested | CA89: Yes | CB89: Yes | CC89: Yes | CD89: No | CE89: Yes | CI89: No | CJ89: Yes | CK89: Yes | CL89: Yes | CM89: Yes | CN89: Yes | CO89: Yes | CP89: Yes | CR89: 21-Jan-2023
A90: IHVN | B90: Nasarawa | C90: Lafia | D90: na Shabu Model Comprehensive Centre | E90: ZBFgkyECWkA | F90: NASARAWA | G90: LAFIA | H90: 043/01/23/OPD | L90: M | M90: 01-Jan-1953 | N90: 72 | O90: 50+ | P90: 70 | Q90: 21-Jan-2023 | R90: Outpatient department | S90: 114240 | T90: Provider-initiated HIV testing and counseling | V90: Yes | W90: Individual | X90: Outpatient department | Y90: Married | Z90: 8 | AA90: 1 | AE90: No | AF90: No | AH90: Yes | AI90: Yes | AJ90: Yes | AK90: Yes | AL90: Yes | AM90: Yes | AN90: No | AO90: No | AP90: Yes | AQ90: Yes | AR90: No | AS90: No | AT90: Yes | AU90: Yes | AV90: No | AW90: No | AX90: 2 | BA90: No | BB90: 0 | BC90: 3 | BD90: NON-REACTIVE | BE90: 44947 | BJ90: Negative | BZ90: Not previously tested | CA90: Yes | CB90: Yes | CC90: Yes | CD90: Yes | CE90: No | CI90: No | CJ90: Yes | CK90: Yes | CL90: Yes | CM90: Yes | CN90: Yes | CO90: Yes | CP90: No | CR90: 21-Jan-2023
A91: IHVN | B91: Nasarawa | C91: Lafia | D91: na Shabu Model Comprehensive Centre | E91: ZBFgkyECWkA | F91: NASARAWA | G91: LAFIA | H91: 044/01/23/OPD | L91: F | M91: 01-Jan-1994 | N91: 31 | O91: 30 - 34 | P91: 29 | Q91: 22-Jan-2023 | R91: Outpatient department | S91: 114241 | T91: Provider-initiated HIV testing and counseling | V91: Yes | W91: Individual | X91: Outpatient department | Y91: Married | Z91: 3 | AE91: No | AF91: No | AG91: No | AH91: Yes | AI91: Yes | AJ91: Yes | AK91: Yes | AL91: Yes | AM91: Yes | AN91: No | AO91: No | AP91: Yes | AQ91: Yes | AR91: No | AS91: Yes | AT91: Yes | AU91: Yes | AV91: No | AW91: No | AX91: 3 | AY91: No | AZ91: No | BA91: No | BB91: 0 | BC91: 3 | BD91: NON-REACTIVE | BE91: 44948 | BJ91: Negative | BZ91: Not previously tested | CA91: Yes | CB91: Yes | CC91: Yes | CD91: No | CE91: Yes | CI91: No | CJ91: Yes | CK91: Yes | CL91: Yes | CM91: Yes | CN91: Yes | CO91: Yes | CP91: Yes | CR91: 22-Jan-2023
A92: IHVN | B92: Nasarawa | C92: Lafia | D92: na Shabu Model Comprehensive Centre | E92: ZBFgkyECWkA | F92: NASARAWA | G92: LAFIA | H92: 045/01/23/OPD | L92: M | M92: 01-Jan-1993 | N92: 32 | O92: 30 - 34 | P92: 30 | Q92: 22-Jan-2023 | R92: Outpatient department | S92: 114242 | T92: Provider-initiated HIV testing and counseling | V92: Yes | W92: Individual | X92: Outpatient department | Y92: Married | Z92: 3 | AA92: 1 | AE92: No | AF92: No | AH92: Yes | AI92: Yes | AJ92: Yes | AK92: Yes | AL92: Yes | AM92: Yes | AN92: No | AO92: No | AP92: Yes | AQ92: Yes | AR92: No | AS92: No | AT92: Yes | AU92: Yes | AV92: No | AW92: No | AX92: 2 | BA92: No | BB92: 0 | BC92: 3 | BD92: NON-REACTIVE | BE92: 44948 | BJ92: Negative | BZ92: Not previously tested | CA92: Yes | CB92: Yes | CC92: Yes | CD92: Yes | CE92: No | CI92: No | CJ92: Yes | CK92: Yes | CL92: Yes | CM92: Yes | CN92: Yes | CO92: Yes | CP92: Yes | CR92: 22-Jan-2023
A93: IHVN | B93: Nasarawa | C93: Lafia | D93: na Shabu Model Comprehensive Centre | E93: ZBFgkyECWkA | F93: NASARAWA | G93: LAFIA | H93: 046/01/23/OPD | L93: M | M93: 01-Jan-1978 | N93: 47 | O93: 45 - 49 | P93: 45 | Q93: 22-Jan-2023 | R93: Outpatient department | S93: 114243 | T93: Provider-initiated HIV testing and counseling | V93: Yes | W93: Individual | X93: Outpatient department | Y93: Married | Z93: 5 | AA93: 1 | AE93: No | AF93: No | AH93: Yes | AI93: Yes | AJ93: Yes | AK93: Yes | AL93: Yes | AM93: Yes | AN93: No | AO93: No | AP93: Yes | AQ93: Yes | AR93: No | AS93: No | AT93: Yes | AU93: Yes | AV93: No | AW93: No | AX93: 2 | BA93: No | BB93: 0 | BC93: 3 | BD93: NON-REACTIVE | BE93: 44948 | BJ93: Negative | BZ93: Not previously tested | CA93: Yes | CB93: Yes | CC93: Yes | CD93: No | CE93: Yes | CI93: No | CJ93: Yes | CK93: Yes | CL93: Yes | CM93: Yes | CN93: Yes | CO93: Yes | CP93: Yes | CR93: 22-Jan-2023
A94: IHVN | B94: Nasarawa | C94: Lafia | D94: na Shabu Model Comprehensive Centre | E94: ZBFgkyECWkA | F94: NASARAWA | G94: LAFIA | H94: 017/01/23/VCT | L94: M | M94: 01-Jan-1993 | N94: 32 | O94: 30 - 34 | P94: 30 | Q94: 21-Jan-2023 | R94: Voluntary counseling and testing program | S94: 114244 | T94: Voluntary counseling and testing center | V94: Yes | W94: Individual | X94: SELF | Y94: Married | Z94: 4 | AA94: 1 | AE94: No | AF94: No | AH94: Yes | AI94: Yes | AJ94: Yes | AK94: Yes | AL94: Yes | AM94: Yes | AN94: No | AO94: No | AP94: Yes | AQ94: Yes | AR94: No | AS94: No | AT94: Yes | AU94: Yes | AV94: No | AW94: No | AX94: 2 | BA94: No | BB94: 0 | BC94: 3 | BD94: NON-REACTIVE | BE94: 44947 | BJ94: Negative | BZ94: Not previously tested | CA94: Yes | CB94: Yes | CC94: Yes | CD94: Yes | CE94: No | CI94: No | CJ94: Yes | CK94: Yes | CL94: Yes | CM94: Yes | CN94: Yes | CO94: Yes | CP94: No | CR94: 21-Jan-2023
A95: IHVN | B95: Nasarawa | C95: Lafia | D95: na Shabu Model Comprehensive Centre | E95: ZBFgkyECWkA | F95: NASARAWA | G95: LAFIA | H95: 018/01/23/VCT | L95: F | M95: 01-Jan-1998 | N95: 27 | O95: 25 - 29 | P95: 25 | Q95: 21-Jan-2023 | R95: Voluntary counseling and testing program | S95: 114245 | T95: Voluntary counseling and testing center | V95: Yes | W95: Individual | X95: SELF | Y95: Married | Z95: 1 | AE95: No | AF95: No | AG95: No | AH95: Yes | AI95: Yes | AJ95: Yes | AK95: Yes | AL95: Yes | AM95: Yes | AN95: No | AO95: No | AP95: Yes | AQ95: Yes | AR95: No | AS95: Yes | AT95: No | AU95: Yes | AV95: No | AW95: No | AX95: 2 | AY95: Yes | AZ95: No | BA95: No | BB95: 1 | BC95: 3 | BD95: NON-REACTIVE | BE95: 44947 | BJ95: Negative | BZ95: Not previously tested | CA95: Yes | CB95: Yes | CC95: Yes | CD95: No | CE95: Yes | CI95: No | CJ95: Yes | CK95: Yes | CL95: Yes | CM95: Yes | CN95: Yes | CO95: Yes | CP95: No | CR95: 21-Jan-2023
A96: IHVN | B96: Nasarawa | C96: Lafia | D96: na Shabu Model Comprehensive Centre | E96: ZBFgkyECWkA | F96: NASARAWA | G96: LAFIA | H96: 019/01/23/VCT | L96: M | M96: 01-Jan-2000 | N96: 25 | O96: 25 - 29 | P96: 23 | Q96: 21-Jan-2023 | R96: Voluntary counseling and testing program | S96: 114246 | T96: Voluntary counseling and testing center | V96: Yes | W96: Individual | Y96: Never married | AE96: No | AF96: No | AH96: Yes | AI96: Yes | AJ96: Yes | AK96: Yes | AL96: Yes | AM96: Yes | AN96: No | AO96: Yes | AP96: No | AQ96: No | AR96: Yes | AS96: No | AT96: Yes | AU96: Yes | AV96: No | AW96: No | AX96: 2 | BA96: No | BB96: 0 | BC96: 3 | BD96: NON-REACTIVE | BE96: 44947 | BJ96: Negative | BZ96: Not previously tested | CA96: Yes | CB96: Yes | CC96: Yes | CD96: No | CE96: Yes | CI96: No | CJ96: Yes | CK96: Yes | CL96: Yes | CM96: No | CN96: Yes | CO96: Yes | CP96: Yes | CR96: 21-Jan-2023
A97: IHVN | B97: Nasarawa | C97: Lafia | D97: na Shabu Model Comprehensive Centre | E97: ZBFgkyECWkA | F97: NASARAWA | G97: LAFIA | H97: 020/01/23/VCT | L97: F | M97: 01-Jan-2007 | N97: 18 | O97: 15 - 19 | P97: 16 | Q97: 22-Jan-2023 | R97: Voluntary counseling and testing program | S97: 114249 | T97: Voluntary counseling and testing center | V97: Yes | W97: Individual | X97: SELF | Y97: Never married | AE97: No | AF97: No | AG97: No | AH97: Yes | AI97: Yes | AJ97: Yes | AK97: Yes | AL97: Yes | AM97: Yes | AN97: No | AO97: Yes | AP97: No | AQ97: Yes | AR97: Yes | AS97: No | AT97: Yes | AU97: Yes | AV97: No | AW97: No | AX97: 2 | AY97: Yes | AZ97: No | BA97: No | BB97: 1 | BC97: 4 | BD97: NON-REACTIVE | BE97: 44948 | BJ97: Negative | BZ97: Not previously tested | CA97: Yes | CB97: Yes | CC97: Yes | CD97: No | CE97: Yes | CI97: No | CJ97: Yes | CK97: Yes | CL97: Yes | CM97: No | CN97: Yes | CO97: Yes | CP97: Yes | CR97: 22-Jan-2023
A98: IHVN | B98: Nasarawa | C98: Lafia | D98: na Shabu Model Comprehensive Centre | E98: ZBFgkyECWkA | F98: NASARAWA | G98: LAFIA | H98: 020/01/23/IND | L98: M | M98: 01-Jan-1993 | N98: 32 | O98: 30 - 34 | P98: 30 | Q98: 23-Jan-2023 | R98: Other | S98: 114251 | T98: Provider-initiated HIV testing and counseling | U98: INDEX | V98: Yes | W98: Individual | X98: Other | Y98: Never married | AE98: No | AF98: No | AH98: Yes | AI98: Yes | AJ98: Yes | AK98: Yes | AL98: Yes | AM98: Yes | AN98: No | AO98: Yes | AP98: No | AQ98: No | AR98: Yes | AS98: Yes | AT98: No | AU98: Yes | AV98: No | AW98: No | AX98: 2 | BA98: No | BB98: 0 | BC98: 3 | BD98: NON-REACTIVE | BE98: 44949 | BJ98: Negative | BZ98: Not previously tested | CA98: Yes | CB98: Yes | CC98: Yes | CD98: Yes | CE98: Yes | CI98: No | CJ98: Yes | CK98: Yes | CL98: Yes | CM98: No | CN98: Yes | CO98: Yes | CP98: No | CR98: 23-Jan-2023
A99: IHVN | B99: Nasarawa | C99: Lafia | D99: na Shabu Model Comprehensive Centre | E99: ZBFgkyECWkA | F99: NASARAWA | G99: LAFIA | H99: 021/01/23/IND | L99: F | M99: 01-Jan-2002 | N99: 23 | O99: 20 - 24 | P99: 21 | Q99: 20-Jan-2023 | R99: Other | S99: 114252 | T99: Provider-initiated HIV testing and counseling | U99: INDEX | V99: Yes | W99: Individual | X99: Other | Y99: Married | Z99: 1 | AE99: No | AF99: No | AG99: No | AH99: Yes | AI99: Yes | AJ99: Yes | AK99: Yes | AL99: Yes | AM99: Yes | AN99: No | AO99: No | AP99: Yes | AQ99: Yes | AR99: No | AS99: No | AT99: Yes | AU99: Yes | AV99: No | AW99: No | AX99: 2 | AY99: Yes | AZ99: No | BA99: No | BB99: 1 | BC99: 3 | BD99: NON-REACTIVE | BE99: 44946 | BJ99: Negative | BZ99: Not previously tested | CA99: Yes | CB99: Yes | CC99: Yes | CD99: Yes | CE99: No | CI99: No | CJ99: Yes | CK99: Yes | CL99: Yes | CM99: Yes | CN99: Yes | CO99: Yes | CP99: Yes | CR99: 20-Jan-2023
A100: IHVN | B100: Nasarawa | C100: Lafia | D100: na Shabu Model Comprehensive Centre | E100: ZBFgkyECWkA | F100: NASARAWA | G100: LAFIA | H100: 022/01/23/IND | L100: F | M100: 01-Jan-2004 | N100: 21 | O100: 20 - 24 | P100: 19 | Q100: 20-Jan-2023 | R100: Other | S100: 114256 | T100: Provider-initiated HIV testing and counseling | U100: INDEX | V100: Yes | W100: Individual | X100: Other | Y100: Never married | AE100: No | AF100: No | AG100: No | AH100: Yes | AI100: Yes | AJ100: Yes | AK100: Yes | AL100: Yes | AM100: Yes | AN100: No | AO100: Yes | AP100: No | AQ100: No | AR100: Yes | AS100: No | AT100: Yes | AU100: Yes | AV100: No | AW100: No | AX100: 2 | AY100: No | AZ100: No | BA100: No | BB100: 0 | BC100: 3 | BD100: NON-REACTIVE | BE100: 44946 | BJ100: Negative | BZ100: Not previously tested | CA100: Yes | CB100: Yes | CC100: Yes | CD100: No | CE100: Yes | CI100: No | CJ100: Yes | CK100: Yes | CL100: Yes | CM100: No | CN100: Yes | CO100: Yes | CP100: Yes | CR100: 20-Jan-2023
...

Sheet Gen ANC
A1: DatimCode | B1: ANCNo | C1: PepfarID | D1: HospID | E1: Sex | F1: DOB | G1: AgeAtVisit | H1: VisitDate | I1: VisitID | J1: DateOfLastMenstralPeriod | K1: GestationAgeWeeks | L1: Gravida | M1: ExpectedDeliveryDate | N1: Parity | O1: Losses | P1: WomanTestedForSyphilis | Q1: SyphilisTestDate | R1: SyphilisTestResult | S1: TreatedForSyphilis | T1: SyphilisTreatmentDate | U1: ReferredSyphilisPositiveClient | V1: HepatitisBTest | W1: HepatitisCTest | X1: FacilityReferredTo | Y1: KeyPopulation | Z1: KPType | AA1: HTSRegisterDate | AB1: HIVRegisterSetting | AC1: PreviouslyKnownHIVPositive | AD1: DatePreviouslyTestedHIVPositive | AE1: ResultOfHIVTest | AF1: HIVReTesting | AG1: PartnerTestingDate | AH1: PartnerPretestCounseled | AI1: PartnerAcceptsHIVTest | AJ1: PartnerHIVTestStatus | AK1: PartnerPostTestCounseledReceivedResults | AL1: PartnerHBVStatus | AM1: PartnerHCVStatus | AN1: PartnerSyphilisStatus | AO1: PartnerReferralTo | AP1: DeliveryDate | AQ1: TimeofHIVDiagnosesDeliveryRegister | AR1: GestationAgeWeeksAtDelivery | AS1: HepatitisBAtDelivery | AT1: HepatitisCAtDelivery | AU1: CurrentlyTakingARV | AV1: ARTStartedInLabourAndDeliveryWard | AW1: ModeOfDelivery | AX1: MaternalOutcome | AY1: NumberOfChildren | AZ1: ChildOutcomeAtDelivery
A2: ZBFgkyECWkA | B2: 0219/04/25/Anc | C2: NAS05400719 | E2: F | F2: 31-Dec-1986 | G2: 38 | H2: 16-Apr-2025 | I2: 142408 | J2: 01-Nov-2024 | K2: 24 | L2: 6 | M2: 08-Aug-2025 | N2: 5 | O2: 5 | P2: Yes | Q2: 16-Apr-2025 | R2: NON-REACTIVE | V2: Negative | W2: Negative | AA2: 16-Apr-2025 | AC2: Yes | AE2: Positive
A3: ZBFgkyECWkA | B3: 0111/2/25/ANC | C3: NAS05400486 | E3: F | F3: 08-Dec-1982 | G3: 42 | H3: 20-Feb-2025 | I3: 139323 | J3: 13-Oct-2024 | K3: 19 | L3: 10 | M3: 20-Jul-2025 | N3: 3 | O3: 3 | P3: Yes | Q3: 20-Feb-2025 | R3: NON-REACTIVE | V3: Negative | W3: Negative | AA3: 20-Feb-2025 | AB3: Seroconverted to HIV-Positive | AC3: Yes | AD3: 19-Apr-2011 | AE3: Positive | AF3: Seroconverted to HIV-Positive
A4: ZBFgkyECWkA | B4: 0406/12/23/ANC | C4: NAS05401904 | E4: F | F4: 01-Jan-1993 | G4: 30 | H4: 04-Dec-2023 | I4: 128036 | J4: 15-Jul-2023 | K4: 20 | L4: 2 | M4: 20-Apr-2024 | N4: 1 | O4: 1 | P4: Yes | Q4: 04-Feb-2024 | R4: NON-REACTIVE | AA4: 04-Dec-2023 | AC4: Yes | AD4: 14-Jun-2013
A5: ZBFgkyECWkA | B5: 0020/1/24/ANC | C5: NAS05402246 | E5: F | F5: 01-Jan-1993 | G5: 31 | H5: 15-Jan-2024 | I5: 129071 | J5: 30-Jul-2023 | K5: 29 | L5: 1 | M5: 05-May-2024 | N5: 0 | O5: 0 | P5: Yes | Q5: 15-Jan-2024 | R5: NON-REACTIVE | V5: Negative | W5: Negative | AA5: 15-Dec-2023 | AB5: Seroconverted to HIV-Positive | AC5: Yes | AD5: 24-Oct-2013 | AE5: Positive | AF5: Seroconverted to HIV-Positive
A6: ZBFgkyECWkA | B6: 0141/3/25/ANC | C6: NAS05403637 | E6: F | F6: 01-Jan-1997 | G6: 28 | H6: 06-Mar-2025 | I6: 140070 | J6: 15-Feb-2025 | K6: 3 | L6: 1 | M6: 22-Nov-2025 | N6: 0 | O6: 0 | P6: Yes | Q6: 06-Mar-2025 | R6: NON-REACTIVE | V6: Negative | W6: Negative | AA6: 06-Mar-2025 | AC6: Yes | AD6: 24-Feb-2016 | AE6: Positive
A7: ZBFgkyECWkA | B7: 0300/9/24/ANC | C7: NAS05403736 | E7: F | F7: 01-Jan-1996 | G7: 28 | H7: 02-Sep-2024 | I7: 134446 | J7: 15-Jan-2024 | K7: 33 | L7: 5 | M7: 21-Oct-2024 | N7: 3 | O7: 3 | P7: Yes | Q7: 02-Sep-2024 | R7: NON-REACTIVE | V7: Negative | W7: Negative | AA7: 02-Sep-2024 | AC7: Yes | AD7: 05-Apr-2016 | AE7: Positive
A8: ZBFgkyECWkA | B8: 0052/2/24/ANC | C8: NAS05403777 | E8: F | F8: 01-Jan-1996 | G8: 28 | H8: 08-Feb-2024 | I8: 129076 | J8: 17-Aug-2023 | K8: 25 | L8: 7 | M8: 23-May-2024 | N8: 5 | O8: 5 | P8: Yes | Q8: 08-Feb-2024 | R8: NON-REACTIVE | V8: Negative | W8: Negative | AA8: 08-Feb-2024 | AC8: Yes | AD8: 24-Mar-2016 | AE8: Positive
A9: ZBFgkyECWkA | B9: 0047/2/24/ANC | C9: NAS05404282 | E9: F | F9: 14-Aug-1996 | G9: 27 | H9: 08-Feb-2024 | I9: 129075 | J9: 19-Nov-2023 | K9: 12 | L9: 1 | M9: 25-Aug-2024 | N9: 0 | O9: 0 | P9: Yes | Q9: 08-Feb-2024 | R9: NON-REACTIVE | V9: Negative | W9: Negative | AA9: 08-Feb-2024 | AC9: Yes | AD9: 21-Aug-2017 | AE9: Positive
A10: ZBFgkyECWkA | B10: 0307/9/24/ANC | C10: NAS05404130 | E10: F | F10: 01-Jan-1997 | G10: 27 | H10: 05-Sep-2024 | I10: 134702 | J10: 02-Jul-2024 | K10: 9 | L10: 6 | M10: 08-Apr-2025 | N10: 4 | O10: 4 | P10: Yes | Q10: 05-Sep-2024 | R10: NON-REACTIVE | V10: Negative | W10: Negative | AA10: 05-Sep-2024 | AC10: Yes | AD10: 09-Feb-2017 | AE10: Positive
A11: ZBFgkyECWkA | B11: 0103/2/25/ANC | C11: NAS05404423 | E11: F | F11: 03-Jul-2002 | G11: 22 | H11: 18-Feb-2025 | I11: 139311 | J11: 06-Nov-2024 | K11: 15 | L11: 1 | M11: 13-Aug-2025 | N11: 0 | O11: 0 | P11: Yes | Q11: 17-Feb-2025 | R11: NON-REACTIVE | V11: Negative | W11: Negative | AA11: 18-Feb-2025 | AB11: Seroconverted to HIV-Positive | AC11: Yes | AD11: 01-Feb-2018 | AE11: Positive | AF11: Seroconverted to HIV-Positive
A12: ZBFgkyECWkA | B12: 0223/7/24/ANC | C12: NAS05404485 | E12: F | F12: 01-Jan-1996 | G12: 28 | H12: 05-Jul-2024 | I12: 132453 | J12: 27-Jan-2024 | K12: 23 | L12: 1 | M12: 02-Nov-2024 | N12: 0 | O12: 0 | P12: Yes | Q12: 05-Jul-2024 | R12: NON-REACTIVE | V12: Negative | W12: Negative | AA12: 05-Jul-2024 | AC12: Yes | AD12: 08-May-2018 | AE12: Positive
A13: ZBFgkyECWkA | B13: 002/2/25/ANC | C13: NAS05404555 | E13: F | F13: 01-Jan-1990 | G13: 35 | H13: 12-Feb-2025 | I13: 139296 | J13: 26-Sep-2024 | K13: 20 | L13: 3 | M13: 03-Jul-2025 | N13: 1 | O13: 1 | P13: Yes | Q13: 12-Feb-2025 | R13: NON-REACTIVE | V13: Negative | W13: Negative | AA13: 12-Feb-2025 | AB13: Seroconverted to HIV-Positive | AC13: Yes | AD13: 30-Oct-2013 | AE13: Positive | AF13: Seroconverted to HIV-Positive
A14: ZBFgkyECWkA | B14: 011/01/25/ANC | C14: NAS05404732 | E14: F | F14: 01-Jan-1992 | G14: 33 | H14: 06-Jan-2025 | I14: 138319 | J14: 11-Oct-2024 | K14: 12 | L14: 2 | M14: 18-Jul-2025 | N14: 1 | O14: 1 | P14: Yes | Q14: 06-Jan-2025 | R14: NON-REACTIVE | V14: Negative
A15: ZBFgkyECWkA | B15: 2345/2/25/ANC | C15: NAS05405376 | E15: F | F15: 01-Jan-1996 | G15: 29 | H15: 18-Feb-2025 | I15: 139304 | J15: 28-Jul-2024 | K15: 29 | L15: 6 | M15: 04-May-2025 | N15: 2 | O15: 2 | P15: Yes | Q15: 18-Feb-2025 | R15: NON-REACTIVE | V15: Negative | W15: Negative | AA15: 18-Feb-2025 | AB15: Seroconverted to HIV-Positive | AC15: Yes | AD15: 13-Oct-2021 | AE15: Positive | AF15: Seroconverted to HIV-Positive
A16: ZBFgkyECWkA | B16: 001/1/23/ANC | E16: F | F16: 01-Jan-1995 | G16: 28 | H16: 04-Jan-2023 | I16: 114706 | J16: 28-Sep-2022 | K16: 14 | L16: 6 | M16: 05-Jul-2023 | N16: 5 | O16: 5 | P16: Yes | Q16: 04-Jan-2023 | R16: NON-REACTIVE | V16: Negative | W16: Negative | AA16: 04-Jan-2023 | AB16: Remained HIV Negative | AC16: Yes | AD16: 04-Jan-2023 | AE16: Negative | AF16: Remained HIV Negative
A17: ZBFgkyECWkA | B17: 002/1/23/ANC | E17: F | F17: 01-Jan-1999 | G17: 24 | H17: 04-Jan-2023 | I17: 114710 | J17: 05-Oct-2022 | K17: 13 | L17: 3 | M17: 12-Jul-2023 | N17: 2 | O17: 2 | P17: Yes | Q17: 04-Jan-2023 | R17: NON-REACTIVE | V17: Negative | W17: Negative | AA17: 04-Jan-2023 | AB17: Remained HIV Negative | AC17: Yes | AD17: 04-Jan-2023 | AE17: Negative | AF17: Remained HIV Negative
A18: ZBFgkyECWkA | B18: 003/1/23/ANC | E18: F | F18: 01-Jan-2008 | G18: 15 | H18: 04-Jan-2023 | I18: 114712 | J18: 19-Apr-2022 | K18: 37 | L18: 1 | M18: 24-Jan-2023 | N18: 0 | O18: 0 | P18: Yes | Q18: 04-Jan-2023 | R18: NON-REACTIVE | V18: Negative | W18: Negative | AA18: 04-Jan-2023 | AB18: Remained HIV Negative | AC18: Yes | AD18: 04-Jan-2023 | AE18: Negative | AF18: Remained HIV Negative
A19: ZBFgkyECWkA | B19: 004/1/23/ANC | E19: F | F19: 01-Jan-2003 | G19: 20 | H19: 05-Jan-2023 | I19: 114713 | J19: 15-Oct-2022 | K19: 12 | L19: 5 | M19: 22-Jul-2023 | N19: 4 | O19: 4 | P19: Yes | Q19: 05-Jan-2023 | R19: NON-REACTIVE | V19: Negative | AA19: 05-Jan-2023 | AB19: Remained HIV Negative | AC19: Yes | AD19: 05-Jan-2023 | AE19: Negative | AF19: Remained HIV Negative
A20: ZBFgkyECWkA | B20: 005/1/23/ANC | E20: F | F20: 01-Jan-1992 | G20: 31 | H20: 05-Jan-2023 | I20: 114714 | J20: 02-Sep-2022 | K20: 18 | L20: 5 | M20: 09-Jun-2023 | N20: 4 | O20: 4 | P20: Yes | Q20: 05-Jan-2023 | R20: NON-REACTIVE | V20: Negative | W20: Negative | AA20: 05-Jan-2023 | AB20: Remained HIV Negative | AC20: Yes | AD20: 05-Jan-2023 | AE20: Negative | AF20: Remained HIV Negative
A21: ZBFgkyECWkA | B21: 006/1/23/ANC | E21: F | F21: 01-Jan-2005 | G21: 18 | H21: 05-Jan-2023 | I21: 114715 | J21: 10-Oct-2022 | K21: 12 | L21: 1 | M21: 17-Jul-2023 | N21: 0 | O21: 0 | P21: Yes | Q21: 05-Jan-2023 | R21: NON-REACTIVE | V21: Negative | W21: Negative | AA21: 05-Jan-2023 | AB21: Remained HIV Negative | AC21: Yes | AD21: 05-Jan-2023 | AE21: Negative | AF21: Remained HIV Negative
A22: ZBFgkyECWkA | B22: 007/1/23/ANC | E22: F | F22: 01-Jan-2003 | G22: 20 | H22: 06-Jan-2023 | I22: 114716 | J22: 25-Jul-2022 | K22: 24 | L22: 4 | M22: 01-May-2023 | N22: 3 | O22: 3 | P22: Yes | Q22: 06-Jan-2023 | R22: NON-REACTIVE | V22: Negative | W22: Negative | AA22: 06-Jan-2023 | AB22: Remained HIV Negative | AC22: Yes | AD22: 06-Jan-2023 | AE22: Negative | AF22: Remained HIV Negative
A23: ZBFgkyECWkA | B23: 008/1/23/ANC | E23: F | F23: 01-Jan-2003 | G23: 20 | H23: 09-Jan-2023 | I23: 114717 | J23: 03-Jun-2022 | K23: 31 | L23: 1 | M23: 10-Mar-2023 | N23: 0 | O23: 0 | P23: Yes | Q23: 09-Jan-2023 | R23: NON-REACTIVE | V23: Negative | W23: Negative | AA23: 09-Jan-2023 | AB23: Remained HIV Negative | AC23: Yes | AD23: 09-Jan-2023 | AE23: Negative | AF23: Remained HIV Negative
A24: ZBFgkyECWkA | B24: 009/1/23/ANC | E24: F | F24: 01-Jan-2001 | G24: 22 | H24: 09-Jan-2023 | I24: 114720 | J24: 10-Sep-2022 | K24: 17 | L24: 1 | M24: 17-Jun-2023 | N24: 0 | O24: 0 | P24: Yes | Q24: 09-Jan-2023 | R24: NON-REACTIVE | V24: Negative | W24: Negative | AA24: 09-Jan-2023 | AB24: Remained HIV Negative | AC24: Yes | AD24: 09-Jan-2023 | AE24: Negative | AF24: Remained HIV Negative
A25: ZBFgkyECWkA | B25: 010/1/23/ANC | E25: F | F25: 01-Jan-1986 | G25: 37 | H25: 09-Jan-2023 | I25: 114721 | J25: 22-Aug-2022 | K25: 20 | L25: 3 | M25: 29-May-2023 | N25: 2 | O25: 2 | P25: Yes | Q25: 09-Jan-2023 | R25: NON-REACTIVE | V25: Negative | W25: Negative | AA25: 09-Jan-2023 | AB25: Remained HIV Negative | AC25: Yes | AD25: 09-Jan-2023 | AE25: Negative | AF25: Remained HIV Negative
A26: ZBFgkyECWkA | B26: 011/1/23/ANC | E26: F | F26: 01-Jan-1998 | G26: 25 | H26: 12-Jan-2023 | I26: 114724 | J26: 05-Oct-2022 | K26: 14 | L26: 3 | M26: 12-Jul-2023 | N26: 2 | O26: 2 | P26: Yes | Q26: 12-Jan-2023 | R26: NON-REACTIVE | V26: Negative | W26: Negative | AA26: 12-Jan-2023 | AB26: Remained HIV Negative | AC26: Yes | AD26: 12-Jan-2023 | AE26: Negative | AF26: Remained HIV Negative
A27: ZBFgkyECWkA | B27: 012/1/23/ANC | E27: F | F27: 01-Jan-1995 | G27: 28 | H27: 12-Jan-2023 | I27: 114953 | J27: 05-Jul-2022 | K27: 27 | L27: 1 | M27: 11-Apr-2023 | N27: 0 | O27: 0 | P27: Yes | Q27: 12-Jan-2023 | R27: NON-REACTIVE | V27: Negative | W27: Negative | AA27: 12-Jan-2023 | AB27: Remained HIV Negative | AC27: Yes | AD27: 12-Jan-2023 | AE27: Negative | AF27: Remained HIV Negative
A28: ZBFgkyECWkA | B28: 013/1/23/ANC | E28: F | F28: 01-Jan-1999 | G28: 24 | H28: 12-Jan-2023 | I28: 115023 | J28: 28-Aug-2022 | K28: 20 | L28: 2 | M28: 04-Jun-2023 | N28: 1 | O28: 1 | P28: Yes | Q28: 12-Jan-2023 | R28: NON-REACTIVE | V28: Negative | W28: Negative | AA28: 12-Jan-2023 | AB28: Remained HIV Negative | AC28: No | AE28: Negative | AF28: Remained HIV Negative
A29: ZBFgkyECWkA | B29: 014/1/23/ANC | E29: F | F29: 01-Jan-1998 | G29: 25 | H29: 12-Jan-2023 | I29: 115028 | J29: 01-Oct-2022 | K29: 15 | L29: 5 | M29: 08-Jul-2023 | N29: 4 | O29: 4 | P29: Yes | Q29: 12-Jan-2023 | R29: NON-REACTIVE | V29: Negative | W29: Negative | AA29: 12-Jan-2023 | AB29: Remained HIV Negative | AC29: No | AE29: Negative | AF29: Remained HIV Negative
A30: ZBFgkyECWkA | B30: 015/1/23/ANC | E30: F | F30: 01-Jan-1998 | G30: 25 | H30: 12-Jan-2023 | I30: 115034 | J30: 05-Nov-2022 | K30: 10 | L30: 2 | M30: 12-Aug-2023 | N30: 1 | O30: 1 | P30: Yes | Q30: 12-Jan-2023 | R30: NON-REACTIVE | V30: Negative | W30: Negative | AA30: 12-Jan-2023 | AB30: Remained HIV Negative | AC30: No | AE30: Negative | AF30: Remained HIV Negative
A31: ZBFgkyECWkA | B31: 016/1/23/ANC | E31: F | F31: 01-Jan-2003 | G31: 20 | H31: 13-Jan-2023 | I31: 115040 | J31: 10-Sep-2022 | K31: 18 | L31: 2 | M31: 17-Jun-2023 | N31: 1 | O31: 1 | P31: Yes | Q31: 13-Jan-2023 | R31: NON-REACTIVE | V31: Negative | W31: Negative | AA31: 13-Jan-2023 | AB31: Remained HIV Negative | AC31: No | AE31: Negative | AF31: Remained HIV Negative
A32: ZBFgkyECWkA | B32: 017/1/23/ANC | E32: F | F32: 01-Jan-1988 | G32: 35 | H32: 16-Jan-2023 | I32: 115050 | J32: 02-Jul-2022 | K32: 28 | L32: 9 | M32: 08-Apr-2023 | N32: 8 | O32: 8 | P32: Yes | Q32: 16-Jan-2023 | R32: NON-REACTIVE | V32: Negative | W32: Negative | AA32: 16-Jan-2023 | AB32: Remained HIV Negative | AC32: No | AE32: Negative | AF32: Remained HIV Negative
A33: ZBFgkyECWkA | B33: 018/1/23/ANC | E33: F | F33: 01-Jan-2004 | G33: 19 | H33: 16-Jan-2023 | I33: 115057 | J33: 10-Sep-2022 | K33: 18 | L33: 1 | M33: 17-Jun-2023 | N33: 0 | O33: 0 | P33: Yes | Q33: 16-Jan-2023 | R33: NON-REACTIVE | V33: Negative | W33: Negative | AA33: 16-Jan-2023 | AB33: Remained HIV Negative | AC33: No | AE33: Negative | AF33: Remained HIV Negative
A34: ZBFgkyECWkA | B34: 019/1/23/ANC | E34: F | F34: 01-Jan-1996 | G34: 27 | H34: 18-Jan-2023 | I34: 115068 | J34: 03-Sep-2022 | K34: 20 | L34: 4 | M34: 10-Jun-2023 | N34: 3 | O34: 3 | P34: Yes | Q34: 18-Jan-2023 | R34: NON-REACTIVE | V34: Negative | W34: Negative | AA34: 18-Jan-2023 | AB34: Remained HIV Negative | AC34: No | AE34: Negative | AF34: Remained HIV Negative
A35: ZBFgkyECWkA | B35: 020/1/23/ANC | E35: F | F35: 01-Jan-1994 | G35: 29 | H35: 18-Jan-2023 | I35: 115069 | J35: 09-Jul-2022 | K35: 28 | L35: 5 | M35: 15-Apr-2023 | N35: 4 | O35: 4 | P35: Yes | Q35: 18-Jan-2023 | R35: NON-REACTIVE | V35: Negative | W35: Negative | AA35: 18-Jan-2023 | AB35: Remained HIV Negative | AC35: No | AE35: Negative | AF35: Remained HIV Negative
A36: ZBFgkyECWkA | B36: 0021/1/23/ANC | E36: F | F36: 01-Jan-2001 | G36: 22 | H36: 19-Jan-2023 | I36: 115070 | J36: 03-Sep-2022 | K36: 20 | L36: 2 | M36: 10-Jun-2023 | N36: 1 | O36: 1 | P36: Yes | Q36: 19-Jan-2023 | R36: NON-REACTIVE | V36: Negative | W36: Negative | AA36: 19-Jan-2023 | AB36: Remained HIV Negative | AC36: No | AE36: Negative | AF36: Remained HIV Negative
A37: ZBFgkyECWkA | B37: 0022/1/23/ANC | E37: F | F37: 01-Jan-1993 | G37: 30 | H37: 19-Jan-2023 | I37: 115071 | J37: 03-Sep-2022 | K37: 20 | L37: 6 | M37: 10-Jun-2023 | N37: 5 | O37: 5 | P37: Yes | Q37: 19-Jan-2023 | R37: NON-REACTIVE | V37: Negative | W37: Negative | AA37: 19-Jan-2023 | AB37: Remained HIV Negative | AC37: No | AE37: Negative | AF37: Remained HIV Negative
A38: ZBFgkyECWkA | B38: 0023/1/23/ANC | E38: F | F38: 01-Jan-1993 | G38: 30 | H38: 19-Jan-2023 | I38: 115072 | J38: 17-Sep-2022 | K38: 18 | L38: 6 | M38: 24-Jun-2023 | N38: 5 | O38: 5 | P38: Yes | Q38: 19-Jan-2023 | R38: NON-REACTIVE | V38: Negative | W38: Negative | AA38: 19-Jan-2023 | AB38: Remained HIV Negative | AC38: No | AE38: Negative | AF38: Remained HIV Negative
A39: ZBFgkyECWkA | B39: 0024/1/23/ANC | E39: F | F39: 01-Jan-2004 | G39: 19 | H39: 19-Jan-2023 | I39: 115073 | J39: 08-Oct-2022 | K39: 15 | L39: 4 | M39: 15-Jul-2023 | N39: 3 | O39: 3 | P39: Yes | Q39: 19-Jan-2023 | R39: NON-REACTIVE | V39: Negative | W39: Negative | AA39: 19-Jan-2023 | AB39: Remained HIV Negative | AC39: No | AE39: Negative | AF39: Remained HIV Negative
... A56: ZBFgkyECWkA | B56: 0042/2/23/ANC | E56: F | F56: 01-Jan-1988 | G56: 35 | H56: 09-Feb-2023 | I56: 115551 | J56: 17-Dec-2022 | K56: 8 | L56: 6 | M56: 23-Sep-2023 | N56: 5 | O56: 5 | P56: Yes | Q56: 09-Feb-2023 | R56: NON-REACTIVE | V56: Negative | W56: Negative | AA56: 09-Feb-2023 | AB56: Remained HIV Negative | AC56: No | AE56: Negative | AF56: Remained HIV Negative
A57: ZBFgkyECWkA | B57: 0043/2/23/ANC | E57: F | F57: 01-Jan-2000 | G57: 23 | H57: 16-Feb-2023 | I57: 115553 | J57: 03-Dec-2022 | K57: 11 | L57: 1 | M57: 09-Sep-2023 | N57: 0 | P57: Yes | Q57: 16-Feb-2023 | R57: NON-REACTIVE | V57: Negative | W57: Negative | AA57: 16-Feb-2023 | AB57: Remained HIV Negative | AC57: No | AE57: Negative | AF57: Remained HIV Negative
A58: ZBFgkyECWkA | B58: 0044/2/23/ANC | E58: F | F58: 01-Jan-1995 | G58: 28 | H58: 17-Feb-2023 | I58: 115554 | J58: 06-Aug-2022 | K58: 28 | L58: 5 | M58: 13-May-2023 | N58: 4 | O58: 4 | P58: Yes | Q58: 17-Feb-2023 | R58: NON-REACTIVE | V58: Negative | W58: Negative | AA58: 17-Feb-2023 | AB58: Remained HIV Negative | AC58: No | AE58: Negative | AF58: Remained HIV Negative
A59: ZBFgkyECWkA | B59: 0045/2/23/ANC | E59: F | F59: 01-Jan-2001 | G59: 22 | H59: 17-Feb-2023 | I59: 115555 | J59: 28-Aug-2022 | K59: 25 | L59: 2 | M59: 04-Jun-2023 | N59: 1 | O59: 1 | P59: Yes | Q59: 17-Feb-2023 | R59: NON-REACTIVE | V59: Negative | W59: Negative | AA59: 17-Feb-2023 | AB59: Remained HIV Negative | AC59: No | AE59: Negative | AF59: Remained HIV Negative
A60: ZBFgkyECWkA | B60: 0046/2/23/ANC | E60: F | F60: 01-Jan-2003 | G60: 20 | H60: 20-Feb-2023 | I60: 115556 | J60: 03-Sep-2022 | K60: 24 | L60: 1 | M60: 10-Jun-2023 | N60: 0 | O60: 0 | P60: Yes | Q60: 20-Feb-2023 | R60: NON-REACTIVE | V60: Negative | W60: Negative | AA60: 20-Feb-2023 | AB60: Remained HIV Negative | AC60: No | AE60: Negative | AF60: Remained HIV Negative
A61: ZBFgkyECWkA | B61: 0048/02/23/ANC | E61: F | F61: 01-Jan-1998 | G61: 25 | H61: 20-Feb-2023 | I61: 115861 | J61: 06-Sep-2022 | K61: 24 | L61: 1 | M61: 13-Jun-2023 | N61: 0 | O61: 0 | P61: Yes | Q61: 20-Feb-2023 | R61: NON-REACTIVE | V61: Negative | W61: Negative | AA61: 20-Feb-2023 | AB61: Remained HIV Negative | AC61: No | AE61: Negative | AF61: Remained HIV Negative
A62: ZBFgkyECWkA | B62: 0049/2/23/ANC | E62: F | F62: 01-Jan-2003 | G62: 20 | H62: 20-Feb-2023 | I62: 123035 | J62: 24-Dec-2022 | K62: 8 | L62: 1 | M62: 30-Sep-2023 | N62: 0 | O62: 0 | P62: Yes | Q62: 20-Feb-2023 | R62: NON-REACTIVE | V62: Negative | W62: Negative | AA62: 20-Feb-2023 | AB62: Remained HIV Negative | AC62: No | AE62: Negative | AF62: Remained HIV Negative
A63: ZBFgkyECWkA | B63: 0050/2/23/ANC | E63: F | F63: 01-Jan-2007 | G63: 16 | H63: 20-Feb-2023 | I63: 123038 | J63: 26-Nov-2022 | K63: 12 | L63: 2 | M63: 02-Sep-2023 | N63: 1 | O63: 1 | P63: Yes | Q63: 20-Feb-2023 | R63: NON-REACTIVE | V63: Negative | W63: Negative | AA63: 20-Feb-2023 | AB63: Remained HIV Negative | AC63: No | AE63: Negative | AF63: Remained HIV Negative
A64: ZBFgkyECWkA | B64: 0051/2/23/ANC | E64: F | F64: 01-Jan-1990 | G64: 33 | H64: 28-Feb-2023 | I64: 123041 | J64: 24-Dec-2022 | K64: 9 | L64: 2 | M64: 30-Sep-2023 | N64: 1 | O64: 1 | P64: Yes | Q64: 28-Feb-2023 | R64: NON-REACTIVE | V64: Negative | W64: Negative | AA64: 28-Feb-2023 | AB64: Remained HIV Negative | AC64: No | AE64: Negative | AF64: Remained HIV Negative
A65: ZBFgkyECWkA | B65: 0052/3/23/ANC | E65: F | F65: 01-Jan-1981 | G65: 42 | H65: 02-Mar-2023 | I65: 123044 | J65: 31-Jul-2022 | K65: 31 | L65: 5 | M65: 07-May-2023 | N65: 2 | O65: 2 | P65: Yes | Q65: 02-Mar-2023 | R65: NON-REACTIVE | V65: Negative | W65: Negative | AA65: 02-Mar-2023 | AB65: Remained HIV Negative | AC65: No | AE65: Negative | AF65: Remained HIV Negative
A66: ZBFgkyECWkA | B66: 0053/3/23/ANC | E66: F | F66: 01-Jan-1988 | G66: 35 | H66: 02-Mar-2023 | I66: 123047 | J66: 19-Nov-2022 | K66: 15 | L66: 3 | M66: 26-Aug-2023 | N66: 0 | O66: 0 | P66: Yes | Q66: 02-Mar-2023 | R66: NON-REACTIVE | V66: Negative | W66: Negative | AA66: 02-Mar-2023 | AB66: Remained HIV Negative | AC66: No | AE66: Negative | AF66: Remained HIV Negative
A67: ZBFgkyECWkA | B67: 0054/3/23/ANC | E67: F | F67: 01-Jan-1997 | G67: 26 | H67: 02-Mar-2023 | I67: 123050 | J67: 19-Nov-2022 | K67: 15 | L67: 2 | M67: 26-Aug-2023 | N67: 1 | O67: 1 | P67: Yes | Q67: 02-Mar-2023 | R67: NON-REACTIVE | V67: Negative | W67: Negative | AA67: 02-Mar-2023 | AB67: Remained HIV Negative | AC67: No | AE67: Negative | AF67: Remained HIV Negative
A68: ZBFgkyECWkA | B68: 0055/3/23/ANC | E68: F | F68: 01-Jan-2000 | G68: 23 | H68: 09-Mar-2023 | I68: 123053 | J68: 13-Aug-2022 | K68: 30 | L68: 1 | M68: 20-May-2023 | N68: 0 | O68: 0 | P68: Yes | Q68: 09-Mar-2023 | R68: NON-REACTIVE | V68: Negative | W68: Negative | AA68: 09-Mar-2023 | AB68: Remained HIV Negative | AC68: No | AE68: Negative | AF68: Remained HIV Negative
A69: ZBFgkyECWkA | B69: 0056/3/23/ANC | E69: F | F69: 01-Jan-1991 | G69: 32 | H69: 09-Mar-2023 | I69: 123056 | J69: 12-Nov-2022 | K69: 17 | L69: 3 | M69: 19-Aug-2023 | N69: 2 | O69: 2 | P69: Yes | Q69: 09-Mar-2023 | R69: NON-REACTIVE | V69: Negative | W69: Negative | AA69: 09-Mar-2023 | AC69: Yes | AE69: Positive
A70: ZBFgkyECWkA | B70: 0057/3/23/ANC | E70: F | F70: 01-Jan-1999 | G70: 24 | H70: 10-Mar-2023 | I70: 123059 | J70: 27-Nov-2022 | K70: 15 | L70: 1 | M70: 03-Sep-2023 | N70: 0 | O70: 0 | P70: Yes | Q70: 10-Mar-2023 | R70: NON-REACTIVE | V70: Negative | W70: Negative | AA70: 10-Mar-2023 | AB70: Remained HIV Negative | AC70: No | AE70: Negative | AF70: Remained HIV Negative
A71: ZBFgkyECWkA | B71: 0058/3/23/ANC | E71: F | F71: 01-Jan-1997 | G71: 26 | H71: 11-Mar-2023 | I71: 123062 | J71: 26-Nov-2022 | K71: 15 | L71: 5 | M71: 02-Sep-2023 | N71: 4 | O71: 4 | P71: Yes | Q71: 11-Mar-2023 | R71: NON-REACTIVE | V71: Negative | W71: Negative | AA71: 11-Mar-2023 | AB71: Remained HIV Negative | AC71: No | AE71: Negative | AF71: Remained HIV Negative
A72: ZBFgkyECWkA | B72: 0059/3/23/ANC | E72: F | F72: 01-Jan-1988 | G72: 35 | H72: 13-Mar-2023 | I72: 123065 | J72: 12-Nov-2022 | K72: 17 | L72: 5 | M72: 19-Aug-2023 | N72: 4 | O72: 4 | P72: Yes | Q72: 13-Mar-2023 | R72: NON-REACTIVE | V72: Negative | W72: Negative | AA72: 13-Mar-2023 | AC72: Yes | AE72: Positive
A73: ZBFgkyECWkA | B73: 0060/3/23/ANC | E73: F | F73: 01-Jan-1998 | G73: 25 | H73: 14-Mar-2023 | I73: 123068 | J73: 22-Oct-2022 | K73: 20 | L73: 1 | M73: 29-Jul-2023 | N73: 0 | O73: 0 | P73: Yes | Q73: 14-Mar-2023 | R73: NON-REACTIVE | V73: Negative | W73: Negative | AA73: 14-Mar-2023 | AB73: Remained HIV Negative | AC73: No | AE73: Negative | AF73: Remained HIV Negative
A74: ZBFgkyECWkA | B74: 0061/3/23/ANC | E74: F | F74: 01-Jan-2004 | G74: 19 | H74: 16-Mar-2023 | I74: 123071 | J74: 31-Dec-2022 | K74: 11 | L74: 2 | M74: 07-Oct-2023 | N74: 1 | O74: 1 | P74: Yes | Q74: 16-Mar-2023 | R74: NON-REACTIVE | V74: Negative | W74: Negative | AA74: 16-Mar-2023 | AB74: Remained HIV Negative | AC74: No | AE74: Negative | AF74: Remained HIV Negative
A75: ZBFgkyECWkA | B75: 0062/3/23/ANC | E75: F | F75: 01-Jan-1996 | G75: 27 | H75: 16-Mar-2023 | I75: 123074 | J75: 03-Dec-2022 | K75: 15 | L75: 2 | M75: 09-Sep-2023 | N75: 1 | O75: 1 | P75: Yes | Q75: 16-Mar-2023 | R75: NON-REACTIVE | V75: Negative | W75: Negative | AA75: 16-Mar-2023 | AB75: Remained HIV Negative | AC75: No | AE75: Negative | AF75: Remained HIV Negative
A76: ZBFgkyECWkA | B76: 0063/3/23/ANC | E76: F | F76: 01-Jan-2004 | G76: 19 | H76: 16-Mar-2023 | I76: 123077 | J76: 15-Oct-2022 | K76: 22 | L76: 2 | M76: 22-Jul-2023 | N76: 1 | O76: 1 | P76: Yes | Q76: 16-Mar-2023 | R76: NON-REACTIVE | V76: Negative | W76: Negative | AA76: 16-Mar-2023 | AB76: Remained HIV Negative | AC76: No | AE76: Negative | AF76: Remained HIV Negative
A77: ZBFgkyECWkA | B77: 0064/3/23/ANC | E77: F | F77: 01-Jan-1993 | G77: 30 | H77: 17-Mar-2023 | I77: 123080 | J77: 24-Dec-2022 | K77: 12 | L77: 1 | M77: 30-Sep-2023 | N77: 0 | O77: 0 | P77: Yes | Q77: 17-Mar-2023 | R77: NON-REACTIVE | V77: Negative | W77: Negative | AA77: 17-Mar-2023 | AB77: Remained HIV Negative | AC77: No | AE77: Negative | AF77: Remained HIV Negative
A78: ZBFgkyECWkA | B78: 0065/3/23/ANC | E78: F | F78: 01-Jan-2004 | G78: 19 | H78: 17-Mar-2023 | I78: 123083 | J78: 24-Dec-2022 | K78: 12 | L78: 1 | M78: 30-Sep-2023 | N78: 0 | O78: 0 | P78: Yes | Q78: 17-Mar-2023 | R78: NON-REACTIVE | V78: Negative | W78: Negative | AA78: 17-Mar-2023 | AB78: Remained HIV Negative | AC78: No | AE78: Negative | AF78: Remained HIV Negative
A79: ZBFgkyECWkA | B79: 0066/3/23/ANC | E79: F | F79: 01-Jan-1990 | G79: 33 | H79: 20-Mar-2023 | I79: 123086 | J79: 18-Jun-2022 | K79: 39 | L79: 5 | M79: 25-Mar-2023 | N79: 4 | O79: 4 | P79: Yes | Q79: 20-Mar-2023 | R79: NON-REACTIVE | V79: Negative | W79: Negative | AA79: 20-Mar-2023 | AB79: Remained HIV Negative | AC79: No | AE79: Negative | AF79: Remained HIV Negative
A80: ZBFgkyECWkA | B80: 0067/3/23/ANC | D80: 7.037231153E9 | E80: F | F80: 01-Jan-1985 | G80: 38 | H80: 20-Mar-2023 | I80: 123089 | J80: 07-Jan-2023 | K80: 10 | L80: 5 | M80: 14-Oct-2023 | N80: 4 | O80: 4 | P80: Yes | Q80: 20-Mar-2023 | R80: NON-REACTIVE | V80: Negative | W80: Negative | AA80: 20-Mar-2023 | AB80: Remained HIV Negative | AC80: No | AE80: Negative | AF80: Remained HIV Negative
A81: ZBFgkyECWkA | B81: 0068/3/23/ANC | E81: F | F81: 01-Jan-2003 | G81: 20 | H81: 20-Mar-2023 | I81: 123092 | J81: 03-Dec-2022 | K81: 15 | L81: 4 | M81: 09-Sep-2023 | N81: 3 | O81: 3 | P81: Yes | Q81: 20-Mar-2023 | R81: NON-REACTIVE | V81: Negative | W81: Negative | AA81: 20-Mar-2023 | AB81: Remained HIV Negative | AC81: No | AE81: Negative | AF81: Remained HIV Negative
A82: ZBFgkyECWkA | B82: 0391/3/25/ANC | C82: NAS05405569 | E82: F | F82: 01-Jan-1995 | G82: 30 | H82: 17-Mar-2025 | I82: 139850 | J82: 04-Jul-2024 | K82: 37 | L82: 2 | M82: 10-Apr-2025 | N82: 1 | O82: 1 | P82: Yes | Q82: 17-Mar-2025 | R82: NON-REACTIVE | V82: Negative | W82: Negative | AA82: 17-Mar-2025 | AC82: Yes | AD82: 29-Mar-2023 | AE82: Positive
A83: ZBFgkyECWkA | B83: 0079/3/23/ANC | E83: F | F83: 01-Jan-1998 | G83: 25 | H83: 20-Mar-2023 | I83: 116188 | J83: 07-Jan-2023 | K83: 10 | L83: 3 | M83: 14-Oct-2023 | N83: 2 | O83: 2 | P83: Yes | Q83: 20-Mar-2023 | R83: NON-REACTIVE | V83: Negative | W83: Negative | AA83: 20-Mar-2023 | AB83: Remained HIV Negative | AC83: No | AE83: Negative | AF83: Remained HIV Negative
A84: ZBFgkyECWkA | B84: 0071/3/23/ANC | E84: F | F84: 01-Jan-1993 | G84: 30 | H84: 23-Mar-2023 | I84: 116190 | J84: 26-Nov-2022 | K84: 17 | L84: 5 | M84: 02-Sep-2023 | N84: 4 | O84: 4 | P84: Yes | Q84: 23-Mar-2023 | R84: NON-REACTIVE | V84: Negative | W84: Negative | AA84: 23-Mar-2023 | AB84: Remained HIV Negative | AC84: No | AE84: Negative | AF84: Remained HIV Negative
A85: ZBFgkyECWkA | B85: 0072/3/23/ANC | E85: F | F85: 01-Jan-1998 | G85: 25 | H85: 23-Mar-2023 | I85: 116194 | J85: 03-Dec-2022 | K85: 16 | L85: 1 | M85: 09-Sep-2023 | N85: 0 | O85: 0 | P85: Yes | Q85: 23-Mar-2023 | R85: NON-REACTIVE | V85: Negative | W85: Negative | AA85: 23-Mar-2023 | AB85: Remained HIV Negative | AC85: No | AE85: Negative | AF85: Remained HIV Negative
A86: ZBFgkyECWkA | B86: 0073/3/23/ANC | E86: F | F86: 01-Jan-2003 | G86: 20 | H86: 23-Mar-2023 | I86: 116195 | J86: 01-Oct-2022 | K86: 25 | L86: 2 | M86: 08-Jul-2023 | N86: 1 | O86: 1 | P86: Yes | Q86: 23-Mar-2023 | R86: NON-REACTIVE | V86: Negative | W86: Negative | AA86: 23-Mar-2023 | AB86: Remained HIV Negative | AC86: No | AE86: Negative | AF86: Remained HIV Negative
A87: ZBFgkyECWkA | B87: 0074/3/23/ANC | E87: F | F87: 01-Jan-2001 | G87: 22 | H87: 23-Mar-2023 | I87: 116198 | J87: 19-Nov-2022 | K87: 18 | L87: 1 | M87: 26-Aug-2023 | N87: 0 | O87: 0 | P87: Yes | Q87: 23-Mar-2023 | R87: NON-REACTIVE | V87: Negative | W87: Negative | AA87: 23-Mar-2023 | AB87: Remained HIV Negative | AC87: No | AE87: Negative | AF87: Remained HIV Negative
A88: ZBFgkyECWkA | B88: 0075/3/23/ANC | E88: F | F88: 01-Jan-2001 | G88: 22 | H88: 23-Mar-2023 | I88: 116200 | J88: 10-Sep-2022 | K88: 28 | L88: 1 | M88: 17-Jun-2023 | N88: 0 | O88: 0 | P88: Yes | Q88: 23-Mar-2023 | R88: NON-REACTIVE | V88: Negative | W88: Negative | AA88: 23-Mar-2023 | AB88: Remained HIV Negative | AC88: No | AE88: Negative | AF88: Remained HIV Negative
A89: ZBFgkyECWkA | B89: 0078/3/23/ANC | E89: F | F89: 01-Jan-1998 | G89: 25 | H89: 27-Mar-2023 | I89: 116201 | J89: 24-Dec-2022 | K89: 13 | L89: 3 | M89: 30-Sep-2023 | N89: 2 | O89: 2 | P89: Yes | Q89: 27-Mar-2023 | R89: NON-REACTIVE | V89: Negative | W89: Negative | AA89: 27-Mar-2023 | AB89: Remained HIV Negative | AC89: No | AE89: Negative | AF89: Remained HIV Negative
A90: ZBFgkyECWkA | B90: 0079/3/23/ANC | E90: F | F90: 01-Jan-1993 | G90: 30 | H90: 27-Mar-2023 | I90: 116203 | J90: 15-Oct-2022 | K90: 23 | L90: 3 | M90: 22-Jul-2023 | N90: 2 | O90: 2 | P90: Yes | Q90: 27-Mar-2023 | R90: NON-REACTIVE | V90: Negative | W90: Negative | AA90: 27-Mar-2023 | AB90: Remained HIV Negative | AC90: No | AE90: Negative | AF90: Remained HIV Negative
A91: ZBFgkyECWkA | B91: 0080/3/23/ANC | E91: F | F91: 01-Jan-1997 | G91: 26 | H91: 29-Mar-2023 | I91: 116205 | J91: 24-Sep-2022 | K91: 27 | L91: 1 | M91: 01-Jul-2023 | N91: 0 | O91: 0 | P91: Yes | Q91: 29-Mar-2023 | R91: NON-REACTIVE | V91: Negative | W91: Negative | AA91: 29-Mar-2023 | AB91: Remained HIV Negative | AC91: No | AE91: Negative | AF91: Remained HIV Negative
A92: ZBFgkyECWkA | B92: 0081/3/23/ANC | E92: F | F92: 01-Jan-2002 | G92: 21 | H92: 29-Mar-2023 | I92: 116207 | J92: 04-Mar-2023 | K92: 4 | L92: 1 | M92: 09-Dec-2023 | N92: 0 | O92: 0 | P92: Yes | Q92: 29-Mar-2023 | R92: NON-REACTIVE | V92: Negative | W92: Negative | AA92: 29-Mar-2023 | AB92: Remained HIV Negative | AC92: No | AE92: Negative | AF92: Remained HIV Negative
A93: ZBFgkyECWkA | B93: 0047/2/23/ANC | E93: F | F93: 01-Jan-1998 | G93: 25 | H93: 20-Feb-2023 | I93: 116260 | J93: 11-Jun-2022 | K93: 36 | L93: 1 | M93: 18-Mar-2023 | N93: 0 | O93: 0 | P93: Yes | Q93: 20-Feb-2023 | R93: NON-REACTIVE | V93: Negative | W93: Negative | AA93: 20-Feb-2023 | AB93: Remained HIV Negative | AC93: No | AE93: Negative | AF93: Remained HIV Negative
A94: ZBFgkyECWkA | E94: F | F94: 01-Jan-2003 | G94: 20 | H94: 20-Mar-2023 | I94: 117736 | AA94: 20-Mar-2023 | AB94: Remained HIV Negative | AC94: Yes | AD94: 20-Mar-2023 | AE94: Negative | AF94: Remained HIV Negative
A95: ZBFgkyECWkA | B95: 0068/3/23/ANC | E95: F | F95: 01-Jan-2003 | G95: 20 | H95: 20-Mar-2023 | I95: 117931 | J95: 22-Oct-2022 | K95: 15 | L95: 4 | M95: 29-Jul-2023 | N95: 3 | O95: 3 | P95: Yes | Q95: 20-Mar-2023 | R95: NON-REACTIVE | V95: Negative | W95: Negative | AA95: 20-Mar-2023 | AB95: Remained HIV Negative | AC95: No | AE95: Negative | AF95: Remained HIV Negative
A96: ZBFgkyECWkA | B96: 0069/3/23/ANC | E96: F | F96: 01-Jan-2003 | G96: 20 | H96: 20-Mar-2023 | I96: 117935 | J96: 11-Mar-2023 | K96: 10 | L96: 5 | M96: 16-Dec-2023 | N96: 4 | O96: 4 | P96: Yes | Q96: 20-Mar-2023 | R96: NON-REACTIVE | V96: Negative | W96: Negative | AA96: 20-Mar-2023 | AB96: Remained HIV Negative | AC96: Yes | AD96: 20-Mar-2023 | AE96: Negative | AF96: Remained HIV Negative
A97: ZBFgkyECWkA | B97: 0070/3/23/ANC | E97: F | F97: 01-Jan-1998 | G97: 25 | H97: 20-Mar-2023 | I97: 117942 | J97: 24-Mar-2023 | K97: 10 | L97: 3 | M97: 29-Dec-2023 | N97: 2 | O97: 2 | P97: Yes | Q97: 20-Mar-2023 | R97: NON-REACTIVE | V97: Negative | W97: Negative | AA97: 20-Mar-2023 | AB97: Remained HIV Negative | AC97: Yes | AD97: 20-Mar-2023 | AE97: Negative | AF97: Remained HIV Negative
A98: ZBFgkyECWkA | B98: 0071/3/23/ANC | E98: F | F98: 01-Jan-1993 | G98: 30 | H98: 23-Mar-2023 | I98: 118494 | J98: 10-Oct-2022 | K98: 17 | L98: 5 | M98: 17-Jul-2023 | N98: 4 | O98: 4 | P98: Yes | Q98: 23-Mar-2023 | R98: NON-REACTIVE | V98: Negative | W98: Negative | AA98: 23-Mar-2023 | AB98: Remained HIV Negative | AC98: Yes | AD98: 23-Mar-2023 | AE98: Negative | AF98: Remained HIV Negative
A99: ZBFgkyECWkA | B99: 0072/3/23/ANC | E99: F | F99: 01-Jan-1998 | G99: 25 | H99: 23-Mar-2023 | I99: 118495 | J99: 30-Nov-2022 | K99: 16 | L99: 1 | M99: 06-Sep-2023 | N99: 0 | O99: 0 | P99: Yes | Q99: 23-Mar-2023 | R99: NON-REACTIVE | V99: Negative | W99: Negative | AA99: 23-Mar-2023 | AB99: Remained HIV Negative | AC99: Yes | AD99: 23-Mar-2023 | AE99: Negative | AF99: Remained HIV Negative
A100: ZBFgkyECWkA | B100: 0073/3/23/ANC | E100: F | F100: 01-Jan-2003 | G100: 20 | H100: 23-Mar-2023 | I100: 118496 | J100: 28-Sep-2022 | K100: 25 | L100: 2 | M100: 05-Jul-2023 | N100: 1 | O100: 1 | P100: Yes | Q100: 23-Mar-2023 | R100: NON-REACTIVE | V100: Negative | AA100: 23-Mar-2023 | AB100: Remained HIV Negative | AC100: Yes | AD100: 23-Mar-2023 | AE100: Negative | AF100: Remained HIV Negative
A101: ZBFgkyECWkA | B101: 0074/3/23/ANC | E101: F | F101: 01-Jan-2001 | G101: 22 | H101: 23-Mar-2023 | I101: 118497 | J101: 17-Nov-2022 | K101: 18 | L101: 1 | M101: 24-Aug-2023 | N101: 0 | O101: 0 | P101: Yes | Q101: 23-Mar-2023 | R101: NON-REACTIVE | V101: Negative | W101: Negative | AA101: 23-Mar-2023 | AB101: Remained HIV Negative | AC101: Yes | AD101: 23-Mar-2023 | AE101: Negative | AF101: Remained HIV Negative
A102: ZBFgkyECWkA | B102: 0075/3/23/ANC | E102: F | F102: 01-Jan-2001 | G102: 22 | H102: 23-Mar-2023 | I102: 118499 | J102: 08-Sep-2022 | K102: 28 | L102: 1 | M102: 15-Jun-2023 | N102: 0 | O102: 0 | P102: Yes | Q102: 23-Mar-2023 | R102: NON-REACTIVE | V102: Negative | AA102: 23-Mar-2023 | AB102: Remained HIV Negative | AC102: Yes | AD102: 23-Mar-2023 | AE102: Negative | AF102: Remained HIV Negative
A103: ZBFgkyECWkA | B103: 0076/3/23/ANC | E103: F | F103: 01-Jan-1987 | G103: 36 | H103: 23-Mar-2023 | I103: 118501 | J103: 28-Jul-2022 | K103: 34 | L103: 7 | M103: 04-May-2023 | N103: 6 | O103: 6 | P103: No | V103: Negative | W103: Negative | AA103: 23-Mar-2023 | AB103: Remained HIV Negative | AC103: Yes | AD103: 23-Mar-2023 | AE103: Negative | AF103: Remained HIV Negative
A104: ZBFgkyECWkA | B104: 0077/3/23/ANC | E104: F | F104: 01-Jan-1986 | G104: 37 | H104: 23-Mar-2023 | I104: 118502 | J104: 27-Dec-2022 | K104: 12 | L104: 2 | M104: 03-Oct-2023 | N104: 1 | O104: 1 | P104: Yes | Q104: 23-Mar-2023 | R104: NON-REACTIVE | V104: Negative | AA104: 23-Mar-2023 | AB104: Remained HIV Negative | AC104: Yes | AD104: 23-Mar-2023 | AE104: Negative | AF104: Remained HIV Negative
A105: ZBFgkyECWkA | B105: 0082/3/23/ANC | E105: F | F105: 01-Jan-1986 | G105: 37 | H105: 30-Mar-2023 | I105: 118682 | J105: 12-Nov-2022 | K105: 20 | L105: 3 | M105: 19-Aug-2023 | N105: 2 | O105: 2 | P105: Yes | Q105: 30-Mar-2023 | R105: NON-REACTIVE | V105: Negative | W105: Negative | AA105: 30-Mar-2023 | AB105: Remained HIV Negative | AC105: No | AE105: Negative | AF105: Remained HIV Negative
A106: ZBFgkyECWkA | B106: 0083/3/23/ANC | E106: F | F106: 01-Jan-2003 | G106: 20 | H106: 30-Mar-2023 | I106: 118685 | J106: 21-Jan-2023 | K106: 10 | L106: 4 | M106: 28-Oct-2023 | N106: 3 | O106: 3 | P106: Yes | Q106: 30-Mar-2023 | R106: NON-REACTIVE | V106: Negative | W106: Negative | AA106: 30-Mar-2023 | AB106: Remained HIV Negative | AC106: No | AE106: Negative | AF106: Remained HIV Negative
A107: ZBFgkyECWkA | B107: 0084/3/23/ANC | E107: F | F107: 01-Jan-2003 | G107: 20 | H107: 30-Mar-2023 | I107: 118688 | J107: 25-Feb-2023 | K107: 5 | L107: 3 | M107: 02-Dec-2023 | N107: 2 | O107: 2 | P107: Yes | Q107: 30-Mar-2023 | R107: NON-REACTIVE | V107: Negative | W107: Negative | AA107: 30-Mar-2023 | AB107: Remained HIV Negative | AC107: No | AE107: Negative | AF107: Remained HIV Negative
A108: ZBFgkyECWkA | B108: 0085/3/23/ANC | E108: F | F108: 01-Jan-2004 | G108: 19 | H108: 30-Mar-2023 | I108: 118690 | J108: 17-Dec-2022 | K108: 15 | L108: 1 | M108: 23-Sep-2023 | N108: 0 | O108: 0 | P108: Yes | Q108: 30-Mar-2023 | R108: NON-REACTIVE | V108: Negative | W108: Negative | AA108: 30-Mar-2023 | AB108: Remained HIV Negative | AC108: No | AE108: Negative | AF108: Remained HIV Negative
A109: ZBFgkyECWkA | B109: 0408/3/23/ANC | E109: F | F109: 01-Jan-1999 | G109: 24 | H109: 30-Mar-2023 | I109: 118692 | J109: 21-Jan-2023 | K109: 10 | L109: 2 | M109: 28-Oct-2023 | N109: 1 | O109: 1 | P109: Yes | Q109: 30-Mar-2023 | R109: NON-REACTIVE | V109: Negative | W109: Negative | AA109: 30-Mar-2023 | AB109: Remained HIV Negative | AC109: No | AE109: Negative | AF109: Remained HIV Negative
A110: ZBFgkyECWkA | B110: 0086/4/23/ANC | E110: F | F110: 01-Jan-1987 | G110: 36 | H110: 03-Apr-2023 | I110: 118693 | J110: 04-Feb-2023 | K110: 8 | L110: 5 | M110: 11-Nov-2023 | N110: 4 | O110: 4 | P110: Yes | Q110: 03-Apr-2023 | R110: NON-REACTIVE | V110: Negative | W110: Negative | AA110: 03-Apr-2023 | AB110: Remained HIV Negative | AC110: No | AE110: Negative | AF110: Remained HIV Negative
A111: ZBFgkyECWkA | B111: 0087/4/23/ANC | E111: F | F111: 01-Jan-1992 | G111: 31 | H111: 03-Apr-2023 | I111: 118695 | J111: 24-Dec-2022 | K111: 14 | L111: 3 | M111: 30-Sep-2023 | N111: 1 | O111: 1 | P111: Yes | Q111: 03-Apr-2023 | R111: NON-REACTIVE | V111: Negative | W111: Negative | AA111: 03-Apr-2023 | AB111: Remained HIV Negative | AC111: No | AE111: Negative | AF111: Remained HIV Negative
A112: ZBFgkyECWkA | B112: 0088/4/23/ANC | E112: F | F112: 01-Jan-1998 | G112: 25 | H112: 03-Apr-2023 | I112: 118698 | J112: 03-Sep-2022 | K112: 30 | L112: 2 | M112: 10-Jun-2023 | N112: 1 | O112: 1 | P112: Yes | Q112: 03-Apr-2023 | R112: NON-REACTIVE | V112: Negative | W112: Negative | AA112: 03-Apr-2023 | AB112: Remained HIV Negative | AC112: No | AE112: Negative | AF112: Remained HIV Negative
A113: ZBFgkyECWkA | B113: 0089/4/23/ANC | E113: F | F113: 01-Jan-2003 | G113: 20 | H113: 03-Apr-2023 | I113: 118700 | J113: 21-Jan-2023 | K113: 10 | L113: 3 | M113: 28-Oct-2023 | N113: 2 | O113: 2 | P113: Yes | Q113: 03-Apr-2023 | R113: NON-REACTIVE | V113: Negative | W113: Negative | AA113: 03-Apr-2023 | AB113: Remained HIV Negative | AC113: No | AE113: Negative | AF113: Remained HIV Negative
A114: ZBFgkyECWkA | B114: 0090/4/23/ANC | E114: F | F114: 01-Jan-1989 | G114: 34 | H114: 03-Apr-2023 | I114: 118701 | J114: 17-Dec-2022 | K114: 15 | L114: 6 | M114: 23-Sep-2023 | N114: 3 | O114: 3 | P114: Yes | Q114: 03-Apr-2023 | R114: NON-REACTIVE | V114: Negative | W114: Negative | AA114: 03-Apr-2023 | AB114: Remained HIV Negative | AC114: No | AE114: Negative | AF114: Remained HIV Negative
A115: ZBFgkyECWkA | B115: 0091/4/23/ANC | E115: F | F115: 01-Jan-1996 | G115: 27 | H115: 06-Apr-2023 | I115: 118703 | J115: 27-Aug-2022 | K115: 32 | L115: 5 | M115: 03-Jun-2023 | N115: 4 | O115: 4 | P115: Yes | Q115: 06-Apr-2023 | R115: NON-REACTIVE | V115: Negative | W115: Negative | AA115: 06-Apr-2023 | AB115: Remained HIV Negative | AC115: No | AE115: Negative | AF115: Remained HIV Negative
A116: ZBFgkyECWkA | B116: 0092/4/23/ANC | E116: F | F116: 01-Jan-1993 | G116: 30 | H116: 06-Apr-2023 | I116: 118704 | J116: 24-Dec-2022 | K116: 15 | L116: 6 | M116: 30-Sep-2023 | N116: 5 | O116: 5 | P116: Yes | Q116: 06-Apr-2023 | R116: NON-REACTIVE | V116: Negative | W116: Negative | AA116: 06-Apr-2023 | AB116: Remained HIV Negative | AC116: No | AE116: Negative | AF116: Remained HIV Negative
...

Sheet Sheet1
B1: Oct | G1: Nov | L1: Dec
B2: w1 | C2: w2 | D2: w3 | E2: w4 | F2: w5 | G2: w1 | H2: w2 | I2: w3 | J2: w4 | K2: w5 | L2: w1 | M2: w2 | N2: w3 | O2: w4 | P2: w5
A3: Index | B3: 0 | C3: 5 | D3: 13 | E3: 39 | F3: 25 | G3: 14 | H3: 30 | I3: 14 | J3: 18 | K3: 0 | L3: 7 | M3: 12 | N3: 11 | O3: 9 | P3: 4
A4: Pos | B4: 0 | C4: 2 | D4: 0 | E4: 2 | F4: 1 | G4: 3 | H4: 3 | I4: 1 | J4: 0 | K4: 0 | L4: 1 | M4: 1 | N4: 0 | O4: 0 | P4: 0
A5: Lab | B5: 3 | C5: 5 | D5: 18 | E5: 24 | F5: 16 | G5: 14 | H5: 16 | I5: 23 | J5: 33 | K5: 0 | L5: 24 | M5: 15 | N5: 36 | O5: 33 | P5: 5
A6: Pos | B6: 0 | C6: 0 | D6: 1 | E6: 0 | F6: 1 | G6: 0 | H6: 0 | I6: 0 | J6: 0 | K6: 0 | L6: 0 | M6: 0 | N6: 0 | O6: 0 | P6: 0
A7: TB | B7: 0 | C7: 1 | D7: 2 | E7: 3 | F7: 0 | G7: 4 | H7: 0 | I7: 0 | J7: 0 | K7: 0 | L7: 2 | M7: 0 | N7: 0 | O7: 0 | P7: 0
A8: Pos | B8: 0 | C8: 0 | D8: 0 | E8: 0 | F8: 0 | G8: 0 | H8: 0 | I8: 0 | J8: 0 | K8: 0 | L8: 0 | M8: 0 | N8: 0 | O8: 0 | P8: 0
A9: PMTCT | B9: 2 | C9: 14 | D9: 16 | E9: 11 | F9: 9 | G9: 11 | H9: 10 | I9: 11 | J9: 21 | K9: 0 | L9: 10 | M9: 4 | N9: 11 | O9: 6 | P9: 3
A10: POS | B10: 0 | C10: 0 | D10: 0 | E10: 0 | F10: 0 | G10: 0 | H10: 0 | I10: 0 | J10: 0 | K10: 0 | L10: 0 | M10: 0 | N10: 0 | O10: 0 | P10: 0
A11: HTS TST | B11: =B3+B5+B7+B9 -> 5 | C11: =C3+C5+C7+C9 -> 25 | D11: =D3+D5+D7+D9 -> 49 | E11: =E3+E5+E7+E9 -> 77 | F11: =F3+F5+F7+F9 -> 50 | G11: =G3+G5+G7+G9 -> 43 | H11: =H3+H5+H7+H9 -> 56 | I11: =I3+I5+I7+I9 -> 48 | ... P11: =P3+P5+P7+P9 -> 12
A12: POS | B12: =B4+B6+B8+B10 -> 0 | C12: =C4+C6+C8+C10 -> 2 | D12: =D4+D6+D8+D10 -> 1 | E12: =E4+E6+E8+E10 -> 2 | F12: =F4+F6+F8+F10 -> 2 | G12: =G4+G6+G8+G10 -> 3 | H12: =H4+H6+H8+H10 -> 3 | I12: =I4+I6+I8+I10 -> 1 | ... P12: =P4+P6+P8+P10 -> 0
